phase,window_start,window_end,window_seconds,hrv_status,hrv_reason,rr_count,rr_pairs,rmssd_ms,sdnn_ms,eye_frame_count,eye_face_detected_ratio,eye_on_screen_ratio,eye_mean_confidence,eye_mean_gaze_x,eye_mean_gaze_y,eye_blink_count_max,eye_mean_fps,eye_mean_transition_rate
baseline,2026-09-19T08:10:17.843420+00:00,2026-09-19T08:12:37.078817+00:00,139.23539739998523,ready,target_reached,163,157,51.1241737065955,68.04261423176689,0,,,,,,,,
task,2026-09-19T08:12:37.078817+00:00,2026-09-19T08:13:02.078817+00:00,25,ready,,30,28,40.950801772448386,72.64709000017521,0,,,,,,,,
task,2026-09-19T08:12:42.078817+00:00,2026-09-19T08:13:07.078817+00:00,25,ready,,30,28,46.247735870203606,71.44915216916084,0,,,,,,,,
task,2026-09-19T08:12:47.078817+00:00,2026-09-19T08:13:12.078817+00:00,25,ready,,30,28,43.38761322073281,69.16613940069811,0,,,,,,,,
task,2026-09-19T08:12:52.078817+00:00,2026-09-19T08:13:17.078817+00:00,25,recovering,recovery_pending;insufficient_coverage;stale_or_missing_data,24,23,,,0,,,,,,,,
task,2026-09-19T08:12:57.078817+00:00,2026-09-19T08:13:22.078817+00:00,25,ready,,31,29,47.386101555615895,65.02994235799419,0,,,,,,,,
task,2026-09-19T08:13:02.078817+00:00,2026-09-19T08:13:27.078817+00:00,25,ready,,32,30,45.95000704439072,59.430576278718355,0,,,,,,,,
task,2026-09-19T08:13:07.078817+00:00,2026-09-19T08:13:32.078817+00:00,25,gap,rr_gap;insufficient_coverage;stale_or_missing_data,25,23,,,0,,,,,,,,
task,2026-09-19T08:13:12.078817+00:00,2026-09-19T08:13:37.078817+00:00,25,gap,rr_gap;insufficient_coverage;stale_or_missing_data,18,16,,,0,,,,,,,,
task,2026-09-19T08:13:17.078817+00:00,2026-09-19T08:13:42.078817+00:00,25,insufficient_data,insufficient_coverage,18,16,,,0,,,,,,,,
task,2026-09-19T08:13:22.078817+00:00,2026-09-19T08:13:47.078817+00:00,25,gap,rr_gap;insufficient_coverage;stale_or_missing_data,12,10,,,0,,,,,,,,
task,2026-09-19T08:13:27.078817+00:00,2026-09-19T08:13:52.078817+00:00,25,insufficient_data,insufficient_coverage;insufficient_pairs,10,8,,,0,,,,,,,,
task,2026-09-19T08:13:32.078817+00:00,2026-09-19T08:13:57.078817+00:00,25,gap,rr_gap;insufficient_coverage;insufficient_pairs;stale_or_missing_data,11,9,,,0,,,,,,,,
task,2026-09-19T08:13:37.078817+00:00,2026-09-19T08:14:02.078817+00:00,25,insufficient_data,insufficient_coverage,17,14,,,0,,,,,,,,
task,2026-09-19T08:13:42.078817+00:00,2026-09-19T08:14:07.078817+00:00,25,insufficient_data,insufficient_coverage,19,17,,,0,,,,,,,,
task,2026-09-19T08:13:47.078817+00:00,2026-09-19T08:14:12.078817+00:00,25,insufficient_data,insufficient_coverage,25,23,,,0,,,,,,,,
task,2026-09-19T08:13:52.078817+00:00,2026-09-19T08:14:17.078817+00:00,25,ready,,26,24,47.308716690331686,52.80182874309169,0,,,,,,,,
task,2026-09-19T08:13:57.078817+00:00,2026-09-19T08:14:22.078817+00:00,25,ready,,30,29,46.686957259264254,42.0242052906875,0,,,,,,,,
task,2026-09-19T08:14:02.078817+00:00,2026-09-19T08:14:27.078817+00:00,25,gap,rr_gap;insufficient_coverage;stale_or_missing_data,25,24,,,0,,,,,,,,
task,2026-09-19T08:14:07.078817+00:00,2026-09-19T08:14:32.078817+00:00,25,gap,rr_gap;insufficient_coverage;stale_or_missing_data,18,17,,,0,,,,,,,,
task,2026-09-19T08:14:12.078817+00:00,2026-09-19T08:14:37.078817+00:00,25,recovering,recovery_pending;insufficient_coverage;stale_or_missing_data,13,12,,,0,,,,,,,,
task,2026-09-19T08:14:17.078817+00:00,2026-09-19T08:14:42.078817+00:00,25,insufficient_data,insufficient_coverage,17,15,,,0,,,,,,,,
task,2026-09-19T08:14:22.078817+00:00,2026-09-19T08:14:47.078817+00:00,25,gap,rr_gap;insufficient_coverage;stale_or_missing_data,11,10,,,0,,,,,,,,
task,2026-09-19T08:14:27.078817+00:00,2026-09-19T08:14:52.078817+00:00,25,gap,rr_gap;insufficient_coverage;stale_or_missing_data,11,10,,,0,,,,,,,,
task,2026-09-19T08:14:32.078817+00:00,2026-09-19T08:14:57.078817+00:00,25,gap,rr_gap;insufficient_coverage;stale_or_missing_data,11,10,,,0,,,,,,,,
task,2026-09-19T08:14:37.078817+00:00,2026-09-19T08:15:02.078817+00:00,25,gap,rr_gap;insufficient_coverage;insufficient_pairs;stale_or_missing_data,7,6,,,0,,,,,,,,
task,2026-09-19T08:14:42.078817+00:00,2026-09-19T08:15:07.078817+00:00,25,insufficient_data,insufficient_coverage;insufficient_pairs,5,4,,,0,,,,,,,,
task,2026-09-19T08:14:47.078817+00:00,2026-09-19T08:15:12.078817+00:00,25,insufficient_data,insufficient_coverage,11,10,,,0,,,,,,,,
task,2026-09-19T08:14:52.078817+00:00,2026-09-19T08:15:17.078817+00:00,25,insufficient_data,insufficient_coverage,18,17,,,0,,,,,,,,
task,2026-09-19T08:14:57.078817+00:00,2026-09-19T08:15:22.078817+00:00,25,insufficient_data,insufficient_coverage,25,24,,,0,,,,,,,,
task,2026-09-19T08:15:02.078817+00:00,2026-09-19T08:15:27.078817+00:00,25,ready,,32,31,38.89241258758822,56.39281924861662,0,,,,,,,,
task,2026-09-19T08:15:07.078817+00:00,2026-09-19T08:15:32.078817+00:00,25,ready,,32,31,43.98904354127181,67.31257404898375,0,,,,,,,,
task,2026-09-19T08:15:12.078817+00:00,2026-09-19T08:15:37.078817+00:00,25,ready,,30,29,43.89065087030915,70.61710174199595,0,,,,,,,,
task,2026-09-19T08:15:17.078817+00:00,2026-09-19T08:15:42.078817+00:00,25,gap,rr_gap;insufficient_coverage;stale_or_missing_data,23,22,,,0,,,,,,,,
task,2026-09-19T08:15:22.078817+00:00,2026-09-19T08:15:47.078817+00:00,25,insufficient_data,insufficient_coverage,22,20,,,0,,,,,,,,
task,2026-09-19T08:15:27.078817+00:00,2026-09-19T08:15:52.078817+00:00,25,gap,rr_gap;insufficient_coverage;stale_or_missing_data,15,13,,,0,,,,,,,,
task,2026-09-19T08:15:32.078817+00:00,2026-09-19T08:15:57.078817+00:00,25,gap,rr_gap;insufficient_coverage;insufficient_pairs;stale_or_missing_data,9,7,,,0,,,,,,,,
task,2026-09-19T08:15:37.078817+00:00,2026-09-19T08:16:02.078817+00:00,25,gap,rr_gap;insufficient_coverage;insufficient_pairs;stale_or_missing_data,6,5,,,0,,,,,,,,
task,2026-09-19T08:15:42.078817+00:00,2026-09-19T08:16:07.078817+00:00,25,insufficient_data,insufficient_coverage;insufficient_pairs,11,9,,,0,,,,,,,,
task,2026-09-19T08:15:47.078817+00:00,2026-09-19T08:16:12.078817+00:00,25,recovering,recovery_pending;insufficient_coverage;insufficient_pairs;stale_or_missing_data,5,4,,,0,,,,,,,,
task,2026-09-19T08:15:52.078817+00:00,2026-09-19T08:16:17.078817+00:00,25,recovering,recovery_pending;insufficient_coverage;insufficient_pairs;stale_or_missing_data,5,4,,,0,,,,,,,,
task,2026-09-19T08:15:57.078817+00:00,2026-09-19T08:16:22.078817+00:00,25,recovering,recovery_pending;insufficient_coverage;insufficient_pairs;stale_or_missing_data,5,4,,,0,,,,,,,,
task,2026-09-19T08:16:02.078817+00:00,2026-09-19T08:16:27.078817+00:00,25,gap,rr_gap;insufficient_coverage;insufficient_pairs;stale_or_missing_data,5,4,,,0,,,,,,,,
task,2026-09-19T08:16:07.078817+00:00,2026-09-19T08:16:32.078817+00:00,25,gap,rr_gap;insufficient_coverage;insufficient_pairs;stale_or_missing_data,0,0,,,0,,,,,,,,
task,2026-09-19T08:16:12.078817+00:00,2026-09-19T08:16:37.078817+00:00,25,gap,rr_gap;insufficient_coverage;insufficient_pairs;stale_or_missing_data,0,0,,,0,,,,,,,,
task,2026-09-19T08:16:17.078817+00:00,2026-09-19T08:16:42.078817+00:00,25,gap,rr_gap;insufficient_coverage;insufficient_pairs;stale_or_missing_data,0,0,,,0,,,,,,,,
task,2026-09-19T08:16:22.078817+00:00,2026-09-19T08:16:47.078817+00:00,25,gap,rr_gap;insufficient_coverage;insufficient_pairs;stale_or_missing_data,0,0,,,0,,,,,,,,
task,2026-09-19T08:16:27.078817+00:00,2026-09-19T08:16:52.078817+00:00,25,insufficient_data,insufficient_coverage;insufficient_pairs,9,8,,,0,,,,,,,,
task,2026-09-19T08:16:32.078817+00:00,2026-09-19T08:16:57.078817+00:00,25,recovering,recovery_pending;insufficient_coverage;insufficient_pairs;stale_or_missing_data,10,9,,,0,,,,,,,,
task,2026-09-19T08:16:37.078817+00:00,2026-09-19T08:17:02.078817+00:00,25,insufficient_data,insufficient_coverage,19,17,,,0,,,,,,,,
task,2026-09-19T08:16:42.078817+00:00,2026-09-19T08:17:07.078817+00:00,25,insufficient_data,insufficient_coverage,25,23,,,0,,,,,,,,
task,2026-09-19T08:16:47.078817+00:00,2026-09-19T08:17:12.078817+00:00,25,ready,,30,28,51.75649636129844,79.29938534685051,0,,,,,,,,
task,2026-09-19T08:16:52.078817+00:00,2026-09-19T08:17:17.078817+00:00,25,ready,,30,28,52.88690377237533,74.01713768854889,0,,,,,,,,
task,2026-09-19T08:16:57.078817+00:00,2026-09-19T08:17:22.078817+00:00,25,ready,,32,31,41.53178543600848,79.21416404630828,0,,,,,,,,
task,2026-09-19T08:17:02.078817+00:00,2026-09-19T08:17:27.078817+00:00,25,ready,,33,32,45.83606133867709,55.372285669515634,0,,,,,,,,
task,2026-09-19T08:17:07.078817+00:00,2026-09-19T08:17:32.078817+00:00,25,ready,,31,29,47.709092536870536,59.48954027890757,0,,,,,,,,
task,2026-09-19T08:17:12.078817+00:00,2026-09-19T08:17:37.078817+00:00,25,ready,,29,27,52.403125226042654,67.33763648232978,0,,,,,,,,
task,2026-09-19T08:17:17.078817+00:00,2026-09-19T08:17:42.078817+00:00,25,gap,rr_gap;insufficient_coverage;stale_or_missing_data,22,20,,,0,,,,,,,,
task,2026-09-19T08:17:22.078817+00:00,2026-09-19T08:17:47.078817+00:00,25,insufficient_data,insufficient_coverage,22,19,,,0,,,,,,,,
task,2026-09-19T08:17:27.078817+00:00,2026-09-19T08:17:52.078817+00:00,25,insufficient_data,insufficient_coverage,21,18,,,0,,,,,,,,
task,2026-09-19T08:17:32.078817+00:00,2026-09-19T08:17:57.078817+00:00,25,insufficient_data,insufficient_coverage,24,22,,,0,,,,,,,,
task,2026-09-19T08:17:37.078817+00:00,2026-09-19T08:18:02.078817+00:00,25,ready,,27,26,52.04756070685113,95.92802259715607,0,,,,,,,,
task,2026-09-19T08:17:42.078817+00:00,2026-09-19T08:18:07.078817+00:00,25,ready,,32,31,48.08276876875705,85.7956238140979,0,,,,,,,,
task,2026-09-19T08:17:47.078817+00:00,2026-09-19T08:18:12.078817+00:00,25,ready,,33,32,42.61635280389621,78.71320832936141,0,,,,,,,,
task,2026-09-19T08:17:52.078817+00:00,2026-09-19T08:18:17.078817+00:00,25,ready,,33,32,36.929043752322336,66.60631204062177,0,,,,,,,,
task,2026-09-19T08:17:57.078817+00:00,2026-09-19T08:18:22.078817+00:00,25,gap,rr_gap;stale_or_missing_data,29,28,,,0,,,,,,,,
task,2026-09-19T08:18:02.078817+00:00,2026-09-19T08:18:27.078817+00:00,25,gap,rr_gap;insufficient_coverage;stale_or_missing_data,22,21,,,0,,,,,,,,
task,2026-09-19T08:18:07.078817+00:00,2026-09-19T08:18:32.078817+00:00,25,insufficient_data,insufficient_coverage,24,22,,,0,,,,,,,,
task,2026-09-19T08:18:12.078817+00:00,2026-09-19T08:18:37.078817+00:00,25,insufficient_data,insufficient_coverage,23,20,,,0,,,,,,,,
task,2026-09-19T08:18:17.078817+00:00,2026-09-19T08:18:42.078817+00:00,25,insufficient_data,insufficient_coverage,22,19,,,0,,,,,,,,
task,2026-09-19T08:18:22.078817+00:00,2026-09-19T08:18:47.078817+00:00,25,insufficient_data,insufficient_coverage,26,23,,,0,,,,,,,,
task,2026-09-19T08:18:27.078817+00:00,2026-09-19T08:18:52.078817+00:00,25,insufficient_data,insufficient_coverage,29,25,,,0,,,,,,,,
task,2026-09-19T08:18:32.078817+00:00,2026-09-19T08:18:57.078817+00:00,25,ready,,29,26,79.98233526779725,102.08184436205512,0,,,,,,,,
task,2026-09-19T08:18:37.078817+00:00,2026-09-19T08:19:02.078817+00:00,25,insufficient_data,insufficient_coverage,27,23,,,0,,,,,,,,
task,2026-09-19T08:18:42.078817+00:00,2026-09-19T08:19:07.078817+00:00,25,ready,,28,25,76.79656702951982,83.27645676918915,0,,,,,,,,
task,2026-09-19T08:18:47.078817+00:00,2026-09-19T08:19:12.078817+00:00,25,ready,,29,27,83.1302711899732,81.51811232308283,0,,,,,,,,
task,2026-09-19T08:18:52.078817+00:00,2026-09-19T08:19:17.078817+00:00,25,ready,,31,28,54.46063884880944,56.87840064482901,0,,,,,,,,
task,2026-09-19T08:18:57.078817+00:00,2026-09-19T08:19:22.078817+00:00,25,ready,,30,26,51.65069080663185,56.60292209342465,0,,,,,,,,
task,2026-09-19T08:19:02.078817+00:00,2026-09-19T08:19:27.078817+00:00,25,ready,,33,30,53.94067816655357,62.88890064416532,0,,,,,,,,
task,2026-09-19T08:19:07.078817+00:00,2026-09-19T08:19:32.078817+00:00,25,ready,,33,30,53.5951047379492,62.07068699495455,0,,,,,,,,
task,2026-09-19T08:19:12.078817+00:00,2026-09-19T08:19:37.078817+00:00,25,ready,,33,30,40.80270877398057,57.25827570786425,0,,,,,,,,
task,2026-09-19T08:19:17.078817+00:00,2026-09-19T08:19:42.078817+00:00,25,ready,,32,30,42.45894899130941,59.35249063856814,0,,,,,,,,
task,2026-09-19T08:19:22.078817+00:00,2026-09-19T08:19:47.078817+00:00,25,ready,,33,32,42.39619874289061,58.459967270763876,0,,,,,,,,
