phase,window_start,window_end,window_seconds,hrv_status,hrv_reason,rr_count,rr_pairs,rmssd_ms,sdnn_ms,lf_power,z_score,eye_frame_count,eye_face_detected_ratio,eye_on_screen_ratio,eye_mean_confidence,eye_mean_gaze_x,eye_mean_gaze_y,eye_blink_count_max,eye_mean_fps,eye_mean_transition_rate
task,2026-09-19T10:07:19.740502+00:00,2026-09-19T10:07:49.740502+00:00,30.00,ready,,41,40,,,0.0002,-0.0843,372,1.0,0.8602150537634409,0.5127125275171098,1721.1697402972745,655.6976478004825,0,31.2434060399765,0.8424731182795698
task,2026-09-19T10:07:20.730315+00:00,2026-09-19T10:07:50.730315+00:00,30.00,ready,,42,41,,,0.0006,0.9849,402,1.0,0.8706467661691543,0.5136777520799165,1642.6814128461335,702.483416752471,0,31.184866992303533,0.8393034825870647
task,2026-09-19T10:07:21.764390+00:00,2026-09-19T10:07:51.764390+00:00,30.00,ready,,43,42,,,0.0007,1.1739,433,1.0,0.8799076212471132,0.5121952503056338,1644.7170689841587,742.8185429918858,0,31.124598086683093,0.8424942263279446
task,2026-09-19T10:07:22.800001+00:00,2026-09-19T10:07:52.800001+00:00,30.00,ready,,44,43,,,0.0007,1.1510,464,1.0,0.8879310344827587,0.5110431744687082,1638.837211632635,780.222959489041,0,31.07521691702418,0.830603448275862
task,2026-09-19T10:07:23.744476+00:00,2026-09-19T10:07:53.744476+00:00,30.00,ready,,45,44,,,0.0007,1.0303,492,1.0,0.8943089430894309,0.5102078024122284,1628.6655230582824,801.2675877001423,0,31.03616253682452,0.8121951219512196
task,2026-09-19T10:07:24.735506+00:00,2026-09-19T10:07:54.735506+00:00,30.00,ready,,46,45,,,0.0007,1.0584,522,1.0,0.9003831417624522,0.5061419101877901,1620.242031700428,804.655710397506,0,31.0008355312249,0.8026819923371648
task,2026-09-19T10:07:24.738125+00:00,2026-09-19T10:07:54.738125+00:00,30.00,ready,,47,46,,,0.0007,1.0911,522,1.0,0.9003831417624522,0.5061419101877901,1620.242031700428,804.655710397506,0,31.0008355312249,0.8026819923371648
task,2026-09-19T10:07:25.770211+00:00,2026-09-19T10:07:55.770211+00:00,30.00,ready,,48,47,,,0.0007,1.2027,553,1.0,0.9059674502712477,0.49814902762573654,1644.0884762388696,806.775171407557,0,30.96488626798086,0.8151898734177215
task,2026-09-19T10:07:26.759994+00:00,2026-09-19T10:07:56.759994+00:00,30.00,ready,,49,48,,,0.0007,1.1686,583,1.0,0.9108061749571184,0.494977961683337,1667.0302726545517,813.754288289475,0,30.936287623732525,0.816123499142367
task,2026-09-19T10:07:27.749449+00:00,2026-09-19T10:07:57.749449+00:00,30.00,ready,,50,49,,,0.0007,1.1460,613,1.0,0.9151712887438825,0.4749561592206433,1678.8870794389109,837.696040426607,0,30.908270643906704,0.8247960848287113
task,2026-09-19T10:07:28.739186+00:00,2026-09-19T10:07:58.739186+00:00,30.00,ready,,51,50,,,0.0007,1.1276,642,1.0,0.9190031152647975,0.4659214343574139,1690.4126585195095,860.3410629341308,0,30.886124861267064,0.8283489096573208
task,2026-09-19T10:07:29.775110+00:00,2026-09-19T10:07:59.775110+00:00,30.00,ready,,52,51,,,0.0007,1.0688,673,1.0,0.9227340267459139,0.46684081233424624,1711.6365076199688,891.2547217600797,0,30.86232225221163,0.826151560178306
task,2026-09-19T10:07:30.764888+00:00,2026-09-19T10:08:00.764888+00:00,30.00,ready,,53,52,,,0.0009,1.7368,703,1.0,0.9260312944523471,0.46173319214415737,1702.8983869766118,901.6637197034719,0,30.844197628150788,0.8187766714082504
task,2026-09-19T10:07:31.754394+00:00,2026-09-19T10:08:01.754394+00:00,30.00,ready,,54,53,,,0.0010,1.8113,733,1.0,0.91268758526603,0.45363360024126725,1654.924787554889,879.6516500507237,0,30.8248228626807,0.8297407912687585
task,2026-09-19T10:07:32.834134+00:00,2026-09-19T10:08:02.834134+00:00,30.00,ready,,55,54,,,0.0010,1.8238,765,1.0,0.9124183006535947,0.4542436843478831,1600.642655929181,864.4833997323057,0,30.808653044158703,0.8533333333333333
task,2026-09-19T10:07:33.734110+00:00,2026-09-19T10:08:03.734110+00:00,30.00,ready,,56,55,,,0.0010,1.7965,792,1.0,0.9103535353535354,0.45073926222043137,1558.4054393541348,854.0224369138831,0,30.792941277050165,0.872979797979798
task,2026-09-19T10:07:34.769027+00:00,2026-09-19T10:08:04.769027+00:00,30.00,ready,,57,56,,,0.0008,1.4987,823,1.0,0.9003645200486027,0.4426145587614534,1507.8976998764158,842.5392783055654,0,30.77857945085115,0.9098420413122721
task,2026-09-19T10:07:35.759024+00:00,2026-09-19T10:08:05.759024+00:00,30.00,ready,,58,57,,,0.0008,1.2910,853,1.0,0.902696365767878,0.43352021647860195,1485.382716631204,833.9127554361014,0,30.763849782216003,0.9467760844079719
task,2026-09-19T10:07:36.749766+00:00,2026-09-19T10:08:06.749766+00:00,30.00,ready,,59,58,,,0.0006,0.9894,883,1.0,0.9060022650056625,0.43097509222671165,1472.2579090376216,833.1461664524672,0,30.751323910894076,0.9664779161947905
task,2026-09-19T10:07:37.738931+00:00,2026-09-19T10:08:07.738931+00:00,30.00,ready,,60,59,,,0.0006,0.8905,900,1.0,0.9077777777777778,0.4219132276714826,1456.5988836193537,836.226091601096,0,30.51546660983108,0.9815555555555555
task,2026-09-19T10:07:38.821164+00:00,2026-09-19T10:08:08.821164+00:00,30.00,ready,,61,60,,,0.0004,0.4262,901,1.0,0.9001109877913429,0.40587740386954085,1448.067106589105,842.3283526988077,0,30.400766640415437,1.0339622641509434
task,2026-09-19T10:07:39.764723+00:00,2026-09-19T10:08:09.764723+00:00,30.00,ready,,62,61,,,0.0004,0.3497,900,1.0,0.9022222222222223,0.3969587983131973,1441.345224394734,854.9963666504216,0,30.396201129619758,1.1062222222222222
task,2026-09-19T10:07:39.766614+00:00,2026-09-19T10:08:09.766614+00:00,30.00,ready,,63,62,,,0.0004,0.3307,900,1.0,0.9022222222222223,0.3969587983131973,1441.345224394734,854.9963666504216,0,30.396201129619758,1.1062222222222222
task,2026-09-19T10:07:40.753973+00:00,2026-09-19T10:08:10.753973+00:00,30.00,ready,,64,63,,,0.0004,0.5040,901,1.0,0.9089900110987791,0.398355469172514,1459.0913039464542,867.1038218529535,0,30.388601373766434,1.2
task,2026-09-19T10:07:41.744093+00:00,2026-09-19T10:08:11.744093+00:00,30.00,ready,,65,64,,,0.0005,0.6557,899,1.0,0.92880978865406,0.4061185294916915,1438.9777740566208,906.1748885895694,0,30.363412478076043,1.2943270300333702
task,2026-09-19T10:07:42.734872+00:00,2026-09-19T10:08:12.734872+00:00,30.00,ready,,66,65,,,0.0006,0.9067,899,1.0,0.92880978865406,0.3934441077681985,1430.7432581336975,938.1857791779715,0,30.34357038115616,1.4062291434927698
task,2026-09-19T10:07:43.769950+00:00,2026-09-19T10:08:13.769950+00:00,30.00,ready,,67,66,,,0.0007,1.1092,899,1.0,0.92880978865406,0.38410642435284176,1404.4922071790206,970.5520051274201,0,30.329825901876475,1.5239154616240267
task,2026-09-19T10:07:44.759042+00:00,2026-09-19T10:08:14.759042+00:00,30.00,ready,,68,67,,,0.0008,1.3783,899,1.0,0.9399332591768632,0.3915232315509522,1334.3879420739418,1010.2108733748641,0,30.319979954404456,1.604004449388209
task,2026-09-19T10:07:45.748334+00:00,2026-09-19T10:08:15.748334+00:00,30.00,ready,,69,68,,,0.0009,1.5994,897,1.0,0.939799331103679,0.39655120669769,1280.0821448851161,1034.2600044822543,0,30.292463623886853,1.6579710144927537
task,2026-09-19T10:07:46.740527+00:00,2026-09-19T10:08:16.740527+00:00,30.00,ready,,70,69,,,0.0003,0.1494,898,1.0,0.9398663697104677,0.39269656942373726,1258.1579526060796,1023.3148036976559,0,30.283891247320447,1.6997772828507796
task,2026-09-19T10:07:46.742197+00:00,2026-09-19T10:08:16.742197+00:00,30.00,ready,,71,70,,,0.0003,0.2392,898,1.0,0.9398663697104677,0.39269656942373726,1258.1579526060796,1023.3148036976559,0,30.283891247320447,1.6997772828507796
task,2026-09-19T10:07:47.864077+00:00,2026-09-19T10:08:17.864077+00:00,30.00,ready,,72,71,,,0.0009,1.5899,898,1.0,0.9398663697104677,0.3924443534521755,1242.65595369673,1010.1886095096828,0,30.266334679704034,1.724053452115813
task,2026-09-19T10:07:48.763883+00:00,2026-09-19T10:08:18.763883+00:00,30.00,ready,,73,72,,,0.0008,1.3098,898,1.0,0.9398663697104677,0.37605357877317763,1229.6301181268973,993.4704454738807,0,30.26597879511415,1.7202672605790645
task,2026-09-19T10:07:49.753316+00:00,2026-09-19T10:08:19.753316+00:00,30.00,ready,,74,73,,,0.0007,1.2114,898,1.0,0.9365256124721604,0.363951533162613,1249.0686388557724,987.0334158148428,0,30.26123509433034,1.7173719376391983
task,2026-09-19T10:07:50.743745+00:00,2026-09-19T10:08:20.743745+00:00,30.00,ready,,75,74,,,0.0008,1.3463,898,1.0,0.9242761692650334,0.3516191870882549,1289.186716691388,982.4978555297607,0,30.24924834529551,1.7298440979955458
task,2026-09-19T10:07:51.778760+00:00,2026-09-19T10:08:21.778760+00:00,30.00,ready,,76,75,,,0.0009,1.6954,899,1.0,0.9243604004449388,0.34118689845037026,1263.3887110756016,970.320749790724,0,30.249072745278742,1.7417130144605115
task,2026-09-19T10:07:52.769200+00:00,2026-09-19T10:08:22.769200+00:00,30.00,ready,,77,76,,,0.0010,1.8754,898,1.0,0.9242761692650334,0.33709380687307855,1239.7115814613815,958.0087152112641,0,30.243893951225118,1.759910913140312
task,2026-09-19T10:07:53.758777+00:00,2026-09-19T10:08:23.758777+00:00,30.00,ready,,78,77,,,0.0012,2.3936,898,1.0,0.9242761692650334,0.3379160556551411,1230.3523090758815,945.8906503088992,0,30.236724766670363,1.7875278396436527
task,2026-09-19T10:07:54.749001+00:00,2026-09-19T10:08:24.749001+00:00,30.00,ready,,79,78,,,0.0013,2.5633,898,1.0,0.9242761692650334,0.33947593594474473,1208.2246011345212,948.1365343504594,0,30.22882533632872,1.810467706013363
task,2026-09-19T10:07:55.738513+00:00,2026-09-19T10:08:25.738513+00:00,30.00,ready,,80,79,,,0.0013,2.6892,899,1.0,0.9243604004449388,0.34087076094879587,1173.238212512213,949.1776139020793,0,30.225495508458952,1.8002224694104563
task,2026-09-19T10:07:56.727849+00:00,2026-09-19T10:08:26.727849+00:00,30.00,ready,,81,80,,,0.0013,2.7871,898,1.0,0.9242761692650334,0.3432042089797169,1131.3641600436902,949.4643540499368,0,30.212187313527213,1.7988864142538976
task,2026-09-19T10:07:57.764523+00:00,2026-09-19T10:08:27.764523+00:00,30.00,ready,,82,81,,,0.0014,3.0405,897,1.0,0.9241917502787068,0.3584464366261784,1091.0514348442618,933.8336857877084,0,30.183542254441356,1.7935340022296544
task,2026-09-19T10:07:58.752886+00:00,2026-09-19T10:08:28.752886+00:00,30.00,ready,,83,82,,,0.0016,3.3610,897,1.0,0.9241917502787068,0.35892632579426237,1056.762653707554,915.5161738965759,0,30.17061184067326,1.786845039018952
task,2026-09-19T10:07:58.754556+00:00,2026-09-19T10:08:28.754556+00:00,30.00,ready,,84,83,,,0.0016,3.3419,897,1.0,0.9241917502787068,0.35892632579426237,1056.762653707554,915.5161738965759,0,30.17061184067326,1.786845039018952
task,2026-09-19T10:07:59.788032+00:00,2026-09-19T10:08:29.788032+00:00,30.00,ready,,85,84,,,0.0016,3.3920,897,1.0,0.919732441471572,0.3508292028333674,1016.35082514495,884.628518072692,0,30.161147215356216,1.7892976588628762
task,2026-09-19T10:08:00.733013+00:00,2026-09-19T10:08:30.733013+00:00,30.00,ready,,86,85,,,0.0015,3.2545,897,1.0,0.8896321070234113,0.3408935006553766,989.6333748676024,864.7246424087726,1.0,30.16269658522302,1.8153846153846156
task,2026-09-19T10:08:01.814211+00:00,2026-09-19T10:08:31.814211+00:00,30.00,ready,,87,86,,,0.0014,3.0169,897,1.0,0.8762541806020067,0.3348158201140183,1006.1420719544528,871.7580023671129,2.0,30.161189562547985,1.8318840579710145
task,2026-09-19T10:08:02.758436+00:00,2026-09-19T10:08:32.758436+00:00,30.00,ready,,88,87,,,0.0014,2.9985,897,1.0,0.8706800445930881,0.3271045361208209,1048.2717102478882,863.993893036995,2.0,30.151538020604608,1.8684503901895206
task,2026-09-19T10:08:03.747878+00:00,2026-09-19T10:08:33.747878+00:00,30.00,ready,,89,88,,,0.0015,3.1536,896,1.0,0.8504464285714286,0.31787965681080793,1124.1957884299995,880.1350074213915,2.0,30.131386670066455,1.9308035714285714
task,2026-09-19T10:08:04.738001+00:00,2026-09-19T10:08:34.738001+00:00,30.00,ready,,90,89,,,0.0015,3.1719,898,1.0,0.8273942093541202,0.3091938608527733,1222.1895349266524,909.1449147726264,2.0,30.13175004795829,1.9783964365256124
task,2026-09-19T10:08:05.728482+00:00,2026-09-19T10:08:35.728482+00:00,30.00,ready,,91,90,,,0.0011,2.1944,897,1.0,0.7993311036789298,0.3046542674732378,1256.7903224411855,904.6349544124311,3.0,30.124046857097856,2.0120401337792644
task,2026-09-19T10:08:06.762671+00:00,2026-09-19T10:08:36.762671+00:00,30.00,ready,,92,91,,,0.0011,2.1930,897,1.0,0.7670011148272018,0.2928791592055273,1261.9953094015825,875.6678918096262,3.0,30.114829885627927,2.07670011148272
task,2026-09-19T10:08:06.764535+00:00,2026-09-19T10:08:36.764535+00:00,30.00,ready,,93,92,,,0.0010,2.0339,897,1.0,0.7670011148272018,0.2928791592055273,1261.9953094015825,875.6678918096262,3.0,30.114829885627927,2.07670011148272
task,2026-09-19T10:08:07.754032+00:00,2026-09-19T10:08:37.754032+00:00,30.00,ready,,94,93,,,0.0009,1.7765,897,1.0,0.7435897435897436,0.28606148336764986,1274.8316455859108,880.7999075584977,5.0,30.111890244153226,2.1687848383500556
task,2026-09-19T10:08:08.743554+00:00,2026-09-19T10:08:38.743554+00:00,30.00,ready,,95,94,,,0.0008,1.5069,897,1.0,0.7402452619843924,0.28668595967083127,1251.1835734775696,906.1826463703501,5.0,30.10289842619363,2.233444816053512
task,2026-09-19T10:08:09.733910+00:00,2026-09-19T10:08:39.733910+00:00,30.00,ready,,96,95,,,0.0011,2.2307,897,1.0,0.7279821627647715,0.27835534131335277,1228.315678547632,924.5086543316868,5.0,30.089091775142947,2.283612040133779
task,2026-09-19T10:08:09.738105+00:00,2026-09-19T10:08:39.738105+00:00,30.00,ready,,97,96,,,0.0008,1.3975,898,1.0,0.7271714922048997,0.27804536877291475,1227.3135564942024,925.5432521316696,5.0,30.089423954081155,2.2857461024498886
task,2026-09-19T10:08:10.767951+00:00,2026-09-19T10:08:40.767951+00:00,30.00,ready,,98,97,,,0.0012,2.5154,898,1.0,0.7271714922048997,0.2791775800661961,1175.0608580966416,952.9648620493145,5.0,30.093351450304112,2.3104677060133634
task,2026-09-19T10:08:11.758512+00:00,2026-09-19T10:08:41.758512+00:00,30.00,ready,,99,98,,,0.0009,1.7397,898,1.0,0.6948775055679287,0.2618446868022443,1146.9168496069694,977.9008394192671,5.0,30.123468157251274,2.312249443207127
task,2026-09-19T10:08:12.748569+00:00,2026-09-19T10:08:42.748569+00:00,30.00,ready,,100,99,,,0.0010,1.9815,874,1.0,0.6796338672768879,0.2598553803847649,1130.3934841712082,976.5941598774268,5.0,30.136369357914955,2.2469107551487415
task,2026-09-19T10:08:13.738121+00:00,2026-09-19T10:08:43.738121+00:00,30.00,ready,,101,100,,,0.0011,2.1247,845,1.0,0.6804733727810651,0.263694532935028,1104.1367890767212,976.3641284709549,5.0,30.140230800898824,2.1704142011834318
task,2026-09-19T10:08:13.739644+00:00,2026-09-19T10:08:43.739644+00:00,30.00,ready,,102,101,,,0.0013,2.7607,845,1.0,0.6804733727810651,0.263694532935028,1104.1367890767212,976.3641284709549,5.0,30.140230800898824,2.1704142011834318
