timestamp_ms,frame_index,gaze_x_raw,gaze_y_raw,gaze_x_smooth,gaze_y_smooth,grid_row,grid_col,section,confidence,dwell_time_ms,nrevisit_count,transition_rate,iris_size_delta,fps_actual,capture_fps,inference_ms,face_detected,gaze_status,calibration_quality
1787904726716,1,2458.9236477370882,1570.7045002311036,2458.9236477370882,1570.7045002311036,2,2,terminal,0.6021192770245929,0,0,0.2,0.0,0.0,39.50455769989837,11.071000000811182,True,on_screen,0.6986789813452263
1787904726903,2,2424.211460263852,1562.4051160938423,2448.5099914951174,1568.2146849899252,2,2,terminal,0.6207771274199823,187,0,0.2,0.0,5.35738746022805,39.493223635699884,12.11949999560602,True,on_screen,0.6986789813452263
1787904727042,3,2407.0938418859446,1575.113351425244,2436.0851466123654,1570.2842849205208,2,2,terminal,0.6358169712620727,325,0,0.2,0.0,5.537356281658439,39.47948828621325,11.26680000743363,True,on_screen,0.6986789813452263
1787904727179,4,1703.3167929399012,1507.4771958522242,2216.254640510626,1551.4421582000318,2,2,terminal,0.7215737716089516,462,0,0.2,0.0,5.715474216614316,39.496097408075634,11.731799997505732,True,on_screen,0.6986789813452263
1787904727314,5,1547.8733690043605,1462.719592081272,2015.7402590587462,1524.8253883644038,2,2,terminal,0.41016747388213537,597,0,0.2,0.0,5.883150578115525,39.48781957369521,10.590999998385087,True,on_screen,0.6986789813452263
1787904727434,6,679.3995046699655,1205.707031934185,1614.8380327421119,1429.089881435338,2,1,terminal,0.6561325562079345,717,0,0.2,0.0,6.127496327930386,39.49530294976005,10.300800000550225,True,on_screen,0.6986789813452263
1787904727546,7,559.2360476201497,964.900011817086,1298.1574372055231,1289.8329205498621,2,1,terminal,0.594519631550869,829,0,0.2,0.0,6.4125673794779985,39.48481562197873,9.650599997257814,True,on_screen,0.6986789813452263
1787904727664,8,843.806910482846,880.274543895817,1161.8522791887199,1166.9654075536484,1,1,main_file,0.24321199495434342,0,0,0.4,0.0,6.616578572446544,39.4933330542862,10.320699992007576,True,on_screen,0.6986789813452263
1787904727781,9,941.8728339446238,820.4088436028089,1095.858445615491,1062.9984383683966,1,1,main_file,0.252522569728706,116,0,0.4,0.0,6.80901166501903,39.50412527091514,9.944800010998733,True,on_screen,0.6986789813452263
1787904727896,10,1024.9344534257352,786.3431418696276,1074.5812479585643,980.0018494187658,1,1,main_file,0.26570857863806396,231,0,0.4,0.0,6.99967591936918,39.489783164628875,9.586900006979704,True,on_screen,0.6986789813452263
1787904728012,11,1284.996009431686,771.3192486039123,1137.7056764005008,917.3970691743096,1,1,main_file,0.40562677760056454,348,0,0.4,0.0,7.158779639110811,39.49875697548311,11.602200000197627,True,on_screen,0.6986789813452263
1787904728138,12,1431.2043909021497,758.6595765903901,1225.7552907509953,869.7758213991337,1,1,main_file,0.5752821761055935,473,0,0.4,0.0,7.241433427577637,39.501643317725915,10.2482000074815,True,on_screen,0.6986789813452263
1787904728261,13,1420.2355428237279,674.2428420878595,1284.099366372815,811.1159276057514,1,1,main_file,0.6477301369820084,596,0,0.4,0.0,7.328079725867522,39.505729141339174,9.756200000992976,True,on_screen,0.6986789813452263
1787904728380,14,1454.28562680045,668.369126893048,1335.1552445011055,768.2918873919403,1,1,main_file,0.6695490968918492,716,0,0.4,0.0,7.433577594813676,39.485695787569554,10.32979998853989,True,on_screen,0.6986789813452263
1787904728502,15,1473.411786736788,663.7443920018452,1376.63220717181,736.9276387749117,1,1,main_file,0.6565771206386479,838,0,0.4,0.0,7.513908293925031,39.491334017848125,10.312099999282509,True,on_screen,0.6986789813452263
1787904728622,16,1490.0745928595582,800.1919482080082,1410.6649228781343,755.9069316048406,1,1,main_file,0.71134916555912,957,0,0.4,0.0,7.591128347905208,39.49807984239439,9.98809999146033,True,on_screen,0.6986789813452263
1787904728738,17,1558.868012946628,830.3763870449778,1455.1258498986822,778.2477682368817,1,1,main_file,0.7591680662296154,1073,0,0.4,0.0,7.696433701265557,39.483631395342194,9.095600005821325,True,on_screen,0.6986789813452263
1787904728846,18,1590.5226250715748,698.163882112339,1495.74488245055,754.2226023995188,1,1,main_file,0.6936366019573343,1181,0,0.4,0.0,7.848443209172775,39.5032942962299,8.76520000747405,True,on_screen,0.6986789813452263
1787904728949,19,1614.5403844861355,701.201719405163,1531.3835330612255,738.316337501212,1,1,main_file,0.635435873706634,1284,0,0.4,0.0,8.034965790065156,39.50124112120133,8.964599997852929,True,on_screen,0.6986789813452263
1787904729048,20,1242.5313498273636,728.9872533047044,1444.727878091067,735.5176122422597,1,1,main_file,0.6769944569288533,1384,0,0.4,0.0,8.240353192999146,39.50367137647226,8.811399995465763,True,on_screen,0.6986789813452263
1787904729145,21,829.2922065376274,800.7333630095866,1260.097176625035,755.0823374724578,1,1,main_file,0.5465345612308317,1480,0,0.4,0.0,8.451148732813053,39.50907233346872,8.343199995579198,True,on_screen,0.6986789813452263
1787904729244,22,750.6349138151794,804.6155037306306,1107.2584977820782,769.9422873499095,1,1,main_file,0.2987209238906463,1579,0,0.4,0.0,8.617070084498724,39.48499899523186,8.30070000665728,True,on_screen,0.6986789813452263
1787904729345,23,656.046817490501,804.035752468185,971.894993694605,780.1703268853921,1,0,sidebar,0.18805598654132993,0,0,0.6,0.0,8.74823169974483,39.48351001871708,10.211399989202619,True,on_screen,0.6986789813452263
1787904729448,24,611.3246847930253,809.9178383426505,863.723901024131,789.0945803225695,1,0,sidebar,0.3947046067268065,102,0,0.6,0.0,8.845495839782075,39.509540323938516,9.137400003965013,True,on_screen,0.6986789813452263
1787904729548,25,628.4034918131437,744.2449829114129,793.1277782608347,775.6397010992224,1,0,sidebar,0.5088287520476853,203,0,0.6,0.0,8.957724665731956,39.484718455221234,8.490799998980947,True,on_screen,0.6986789813452263
1787904729650,26,637.0628912738098,679.14497228187,746.3083121647271,746.6912824540166,1,0,sidebar,0.5501932410583333,305,0,0.6,0.0,9.039966884638137,39.48351734754797,8.67330000619404,True,on_screen,0.6986789813452263
1787904729754,27,458.4165928026248,582.9729999344852,659.9407963560964,697.5757976981571,1,0,sidebar,0.5698404020886843,408,0,0.6,0.0,9.099841211359822,39.50680679558185,9.131300001172349,True,on_screen,0.6986789813452263
1787904729858,28,250.9847349760162,558.1405832869335,537.2539779420722,655.74523337479,1,0,sidebar,0.5145429454345307,513,0,0.6,0.0,9.148263791729438,39.47741728268058,9.083999990252778,True,on_screen,0.6986789813452263
1787904729972,29,183.68318544435823,501.67276352344027,431.18274019275793,609.5234924193851,0,0,sidebar,0.43368032347911145,626,0,0.6,0.0,9.11563159058106,39.490809163195756,9.416600005351938,True,on_screen,0.6986789813452263
1787904730084,30,28.820417581996477,459.6313713634987,310.4740434095295,564.5558561026191,0,0,sidebar,0.3420509991481233,739,0,0.6,0.0,9.09698268901446,39.480337505415235,8.928900002501905,True,on_screen,0.6986789813452263
1787904730196,31,-5.08259130274256,420.02874098198527,215.80705299584784,521.197721566429,0,0,sidebar,0.22538028808663824,851,0,0.6,0.0,9.075183908877476,39.49055870705075,12.887199991382658,True,on_screen,0.6986789813452263
1787904730340,32,348.03520578229393,383.21434305326574,255.47549883178166,479.80270801247997,0,0,sidebar,0.32831039634274783,994,0,0.6,0.0,8.86402475620071,39.49926244373946,12.497400006395765,True,on_screen,0.6986789813452263
1787904730482,33,1137.095681109586,281.09873103011665,519.9615535151229,420.191514917771,0,0,sidebar,0.8385673425481499,1137,0,0.6,0.0,8.680327011849906,39.509765611747724,11.984500000835396,True,on_screen,0.6986789813452263
1787904730607,34,1492.09651486304,257.68070060878665,811.602041919498,371.43827062507563,0,0,sidebar,0.5369781302913863,1262,0,0.6,0.0,8.612300414227107,39.48815763512197,9.601300000213087,True,on_screen,0.6986789813452263
1787904730725,35,1571.4840941006914,244.23085385087708,1039.566657573856,333.27604559281605,0,1,main_file,0.2122172354606573,0,1,0.8,0.0,8.60030026984729,39.49732244397307,9.328800006187521,True,on_screen,0.6986789813452263
1787904730844,36,1607.1733617159864,231.6115060494095,1209.848668816495,302.77668372979406,0,1,main_file,0.5344676245358377,119,1,0.8,0.0,8.580196068809862,39.5046224532263,9.640699994633906,True,on_screen,0.6986789813452263
1787904730965,37,1662.79745310967,173.08867267611964,1345.7333041044476,263.8702804136917,0,1,main_file,0.7357130026738289,240,1,0.8,0.0,8.547857737409652,39.50901173573195,10.751800000434741,True,on_screen,0.6986789813452263
1787904731089,38,1664.0439241432796,124.59903228885871,1441.226490116097,222.0889059762418,0,1,main_file,0.7292754663098824,364,1,0.8,0.0,8.49890334693151,39.486153388551266,10.618200001772493,True,on_screen,0.6986789813452263
1787904731219,39,1661.5739953900681,87.51097809803771,1507.3307416982882,181.71552761278056,0,1,main_file,0.6259093325969711,494,1,0.8,0.0,8.418536654019327,39.482554339957446,10.947799994028173,True,on_screen,0.6986789813452263
1787904731347,40,1839.4739994807599,76.39654806274827,1606.9737190330295,150.11983374777085,0,1,main_file,0.4735392642840167,621,1,0.8,0.0,8.355993551281946,39.50588320377027,11.157000000821427,True,on_screen,0.6986789813452263
1787904731476,41,2449.0550077204957,108.95224957943186,1859.5981056392693,137.76955849726914,0,1,main_file,0.06795831763179949,751,1,0.8,0.0,8.29580613855484,39.504091965520296,10.492999994312413,True,on_screen,0.6986789813452263
1787904731601,42,2908.931699339258,132.72362577510592,2174.3981837492656,136.25577868062015,0,2,ai_agent,0.49243896306619783,0,0,1.0,0.0,8.26965815924637,39.48099427271874,10.699000005843118,True,on_screen,0.6986789813452263
1787904731720,43,2999.691054079526,160.8589917281071,2421.9860448483437,143.63674259486623,0,2,ai_agent,0.5162440245666255,118,0,0.8,0.0,8.28374155336627,39.48878345458424,10.610299999825656,True,on_screen,0.6986789813452263
1787904731831,44,3023.8479540912804,182.33344445881121,2602.5446176212245,155.24575315404974,0,2,ai_agent,0.2893839116134437,230,0,0.8,0.0,8.3560356566062,39.50509157112934,9.61710000410676,True,on_screen,0.6986789813452263
1787904731936,45,3032.8248515587266,185.66422327062168,2731.628687802475,164.3712941890213,0,2,ai_agent,0.07691470866287764,335,0,0.8,0.0,8.468417372698752,39.47635413713696,9.235800011083484,True,on_screen,0.6986789813452263
1787904732036,46,3013.7704912037657,190.76895498739952,2816.271228822862,172.29059242853475,-1,-1,off_screen,0.0,0,0,1.0,0.0,8.625182519950668,39.47837737920304,8.982700004708022,True,gaze_outside_screen,0.6986789813452263
1787904732133,47,3007.9427454670013,188.40463285601385,2873.772683816104,177.12480455677849,-1,-1,off_screen,0.0,96,0,1.0,0.0,8.797321540990104,39.48386845388329,8.06659999943804,True,gaze_outside_screen,0.6986789813452263
1787904732228,48,2685.899742512507,555.8142134080106,2817.4108014250246,290.7316272121481,-1,-1,off_screen,0.0,191,0,1.0,0.0,8.962151656370619,39.48908221343755,8.281800008262508,True,gaze_outside_screen,0.6986789813452263
1787904732324,49,2494.2516492838545,998.4393297218857,2720.463055782673,503.0439379650693,0,2,ai_agent,0.1356223051125609,0,1,1.2,0.0,9.11599832823362,39.49561991851587,7.631300002685748,True,on_screen,0.6986789813452263
1787904732417,50,2443.0288235590797,1097.4370110423424,2637.232786115595,681.3618598882513,1,2,second_file,0.21765128978389225,0,0,1.4,0.0,9.272099693114129,39.47718769463396,8.886299998266622,True,on_screen,0.6986789813452263
1787904732512,51,2378.857603872924,1146.2325902101584,2559.720231442793,820.8230789848233,1,2,second_file,0.4745212494993818,95,0,1.4,0.0,9.401211201034517,39.48481110067423,7.713699989835732,True,on_screen,0.6986789813452263
1787904732606,52,1914.5576158276633,1111.6195465317721,2366.171446758254,908.062019248908,1,2,second_file,0.8769382020707238,188,0,1.4,0.0,9.526613226562331,39.491438347794876,8.295999999972992,True,on_screen,0.6986789813452263
1787904732702,53,1837.8168311682566,1064.4500070421689,2207.6650620812547,954.9784155868863,1,2,second_file,0.7822703529331906,284,0,1.2,0.0,9.61169131015633,39.4955295497607,8.951399999205023,True,on_screen,0.6986789813452263
1787904732805,54,1819.4881176707968,1023.1287162532664,2091.2119787581173,975.4235057868002,1,2,second_file,0.5568429346632151,388,0,1.2,0.0,9.623694365231888,39.49451399555478,8.458099997369573,True,on_screen,0.6986789813452263
1787904732919,55,1820.62490949187,1008.0426246424497,2010.0358579782433,985.209241443495,1,2,second_file,0.39920775236559336,501,0,1.2,0.0,9.535191058120684,39.50532130250581,9.360399999422953,True,on_screen,0.6986789813452263
1787904733032,56,1900.8514554382002,1053.7326168595982,1977.2805372162302,1005.7662540683259,1,2,second_file,0.32589543627899165,615,0,1.2,0.0,9.469116808400207,39.49426684364993,9.437400003662333,True,on_screen,0.6986789813452263
1787904733145,57,1974.133973253146,1079.072155369432,1976.3365680273046,1027.7580244586577,1,2,second_file,0.3096481045657269,727,0,1.2,0.0,9.405506590777579,39.50675912530602,9.618000010959804,True,on_screen,0.6986789813452263
1787904733256,58,1996.1503675974823,1076.8024012153403,1982.2807078983578,1042.4713374856624,1,2,second_file,0.30932459925722466,838,0,1.2,0.0,9.366886964996167,39.49777582178159,9.469099997659214,True,on_screen,0.6986789813452263
1787904733361,59,2031.3598382438818,1155.2312003107227,1997.004447002015,1076.2992963331803,1,2,second_file,0.305080031173106,944,0,1.2,0.0,9.38490293241661,39.4953866880829,8.719299992662854,True,on_screen,0.6986789813452263
1787904733461,60,2043.6190147064046,1182.5897031578436,2010.9888173133318,1108.1864183805792,1,2,second_file,0.2944339371582727,1043,0,1.2,0.0,9.44781507397749,39.49735077742972,8.010299992747605,True,on_screen,0.6986789813452263
1787904733558,61,2068.055272171272,1223.6253507233969,2028.1087537707135,1142.8180980834245,1,2,second_file,0.27855818463128856,1141,0,1.2,-0.0001807578825758563,9.53200256236505,39.501482690771276,7.724499999312684,True,on_screen,0.6986789813452263
1787904733656,62,2068.3332625481153,1234.3724214813892,2040.1761064039338,1170.284395102814,2,2,terminal,0.25939047573652607,0,1,1.4,-0.00018134688018779654,9.598847638190765,39.503878933046245,8.354999998118728,True,on_screen,0.6986789813452263
1787904733764,63,2076.1036009179634,1253.005995551417,2050.9543547581425,1195.1008752373948,2,2,terminal,0.30874938939816365,108,1,1.4,-0.00022360866124599213,9.560638030500144,39.49578117329176,9.678500005975366,True,on_screen,0.6986789813452263
1787904733879,64,2082.475248508689,1256.5874916617665,2060.410622883306,1213.5468601647062,2,2,terminal,0.34713738495475843,223,1,1.4,-0.00021436087060639278,9.477916319946054,39.50723879499522,9.562699997331947,True,on_screen,0.6986789813452263
1787904733994,65,2088.095947040391,1267.0364925213482,2068.7162201304313,1229.593749871699,2,2,terminal,0.3804096270538504,338,1,1.4,-0.00021473027038240722,9.402221081509964,39.49392788066589,10.372999997343868,True,on_screen,0.6986789813452263
1787904734109,66,1970.507924097137,1277.0664884432256,2039.253731320443,1243.8355714431568,2,2,terminal,0.353202555331955,453,1,1.4,-0.0002175076601549017,9.3262853499866,39.48119177778615,9.686600009445101,True,on_screen,0.6986789813452263
1787904734223,67,1629.88035703446,1276.032531008742,1916.441719034648,1253.4946593128323,2,2,terminal,0.15573210944296334,567,1,1.4,-0.0002517862959828948,9.273194472576076,39.49353017340178,9.388599995872937,True,on_screen,0.6986789813452263
1787904734337,68,1287.072891386259,1302.815759047629,1727.6310707401312,1268.2909892332711,2,1,terminal,0.34243621269472846,680,1,1.4,-0.00022653024080947215,9.223129755855137,39.48184662203581,9.212199991452508,True,on_screen,0.6986789813452263
1787904734449,69,1183.334252920758,1303.4835109139929,1564.342025394319,1278.8487457374877,2,1,terminal,0.6004490254113197,792,1,1.2,-0.0001901001726784743,9.194065721822922,39.49557412572986,9.061899996595457,True,on_screen,0.6986789813452263
1787904734556,70,1164.9927693077555,1307.1584853425804,1444.53724856835,1287.3416676190154,2,1,terminal,0.7002056194070003,900,1,1.2,-0.00017800264024564472,9.210110961975031,39.49000494328242,9.48969999444671,True,on_screen,0.6986789813452263
1787904734661,71,1157.3646849272568,1305.4213731882958,1358.3854794760218,1292.7655792897995,2,1,terminal,0.6695522748487894,1005,1,1.2,-0.0001640941352646086,9.236252404093326,39.50986757429408,8.935000005294569,True,on_screen,0.6986789813452263
1787904734765,72,1156.4772823412945,1298.1209694975294,1297.8130203356036,1294.3721963521184,2,1,terminal,0.6004783035047679,1109,1,1.2,-0.00014012845917628705,9.276755189870332,39.48387697354503,9.432300008484162,True,on_screen,0.6986789813452263
1787904734864,73,765.4497248431371,1310.49798253532,1138.1040316878637,1299.209932207079,2,1,terminal,0.3461165148731429,1208,1,1.2,-0.0001652042162581524,9.357139236780958,39.48625441796918,8.945699999458157,True,on_screen,0.6986789813452263
1787904734962,74,652.5274353753125,1315.9253859503854,992.4310527940983,1304.2245683300707,2,0,terminal,0.14021096846726666,1305,1,1.2,-0.0001326162769400216,9.44628353177719,39.49079127200714,7.810600000084378,True,on_screen,0.6986789813452263
1787904735057,75,619.167229713382,1313.7547821659873,880.4519058698834,1307.0836324808456,2,0,terminal,0.34790239689532765,1401,1,1.2,-0.00013695305407630115,9.548867184961185,39.49476853402567,9.26229999458883,True,on_screen,0.6986789813452263
1787904735156,76,604.5622114136282,1310.7320511456135,797.6849975330068,1308.1781580802758,2,0,terminal,0.49371927618449196,1500,1,1.2,-0.00013946686079543621,9.610700098591467,39.47506445753206,8.402399995247833,True,on_screen,0.6986789813452263
1787904735262,77,128.3105722430271,1367.6013686333883,596.8726699460129,1326.0051212462095,2,0,terminal,0.7725126040849948,1606,1,1.2,-0.00016492514852716605,9.586442076555095,39.49172311998184,9.958800001186319,True,on_screen,0.6986789813452263
1787904735377,78,-21.240335482022996,1470.632606842244,411.4387683176021,1369.3933669250198,2,0,terminal,0.6484949493298605,1721,1,1.2,-0.00011749808168704662,9.502113933970335,39.479631722185786,10.181100005866028,True,on_screen,0.6986789813452263
1787904735500,79,-33.65732485622955,1522.6255110650632,277.9099403654526,1415.3630101670328,2,0,terminal,0.4128663024526419,1844,1,1.2,-7.482693114485572e-05,9.362117384549673,39.48208487389728,10.702200001105666,True,on_screen,0.6986789813452263
1787904735625,80,440.3586457964187,1371.6952030581658,326.6445519947424,1402.2626680343726,2,0,terminal,0.5049518272242817,1969,1,1.2,-0.00025158707482393974,9.230597615682088,39.4849146233668,9.93699999526143,True,on_screen,0.6986789813452263
1787904735748,81,638.0175708793679,1191.5282975677014,420.05645766013004,1339.042356894371,2,0,terminal,0.6353392970338712,2092,1,1.0,-0.0001095864110931058,9.115642202610113,39.4862989543457,11.22689999465365,True,on_screen,0.6986789813452263
1787904735882,82,707.7988108908096,971.1999419219493,506.3791636293339,1228.6896324026445,2,0,terminal,0.5632730125353236,2226,1,1.0,0.00013083081213103448,8.95216313730601,39.5030007563036,10.813400003826246,True,on_screen,0.6986789813452263
1787904736012,83,851.7943655161964,565.9632116139854,610.0037241953926,1029.8717061660468,1,0,sidebar,0.7364738398967666,0,1,1.2,6.169077325743344e-05,8.824289730009903,39.49845961308462,12.0974000019487,True,on_screen,0.6986789813452263
1787904736147,84,916.0907906784979,363.7632333064515,701.8298441403242,830.0391643081682,1,0,sidebar,0.7173906924545944,134,1,1.2,0.0002204412184829696,8.684452025023502,39.492076481588775,11.245900008361787,True,on_screen,0.6986789813452263
1787904736276,85,943.5385041371259,286.95868515679393,774.3424421393647,667.1150205627558,1,0,sidebar,0.3995297781762186,263,1,1.2,0.0002654640874022035,8.590764197329507,39.49124733462549,9.863500003120862,True,on_screen,0.6986789813452263
1787904736394,86,965.6734551169736,273.2573013132032,831.7417460326474,548.9577047878901,0,0,sidebar,0.37582577212675095,381,1,1.2,0.00023098204688912216,8.57731358404817,39.49818950340756,10.288799996487796,True,on_screen,0.6986789813452263
1787904736508,87,804.645188050434,317.866517830982,823.6127786379833,479.6303487008176,0,0,sidebar,0.4601915881146912,495,1,1.2,0.00022132777740045684,8.59879723619778,39.48715581204723,10.257600006298162,True,on_screen,0.6986789813452263
1787904736625,88,645.4985514246322,344.1510908821704,770.178510473978,438.9865713552234,0,0,sidebar,0.5885075401123101,612,1,1.0,0.00018652608742790455,8.59499226367302,39.49608417018803,10.025399998994544,True,on_screen,0.6986789813452263
1787904736740,89,731.3565835435829,321.12837270663283,758.5319323948595,403.62911176064625,0,0,sidebar,0.6316042769845338,727,1,1.0,0.00017872650655467726,8.604071376606557,39.506604589865596,9.506900009000674,True,on_screen,0.6986789813452263
1787904736854,90,785.1494643461928,321.7243032649615,766.5171919802594,379.05766921194083,0,0,sidebar,0.6241561582134993,842,1,1.0,0.00020396550511512374,8.621556111604294,39.49518984009417,9.885099992970936,True,on_screen,0.6986789813452263
1787904736968,91,1313.57005921793,294.535822362979,930.6330521515606,353.7011151572523,0,0,sidebar,0.303760047268293,955,1,1.0,0.00021703855354506668,8.632535335249317,39.48401816900692,9.442599999601953,True,on_screen,0.6986789813452263
1787904737080,92,1497.747795666127,286.47267033474714,1100.7674752059306,333.5325817105007,0,1,main_file,0.33207674343425597,0,2,1.0,0.00022133291273169348,8.663540115762414,39.49699282165405,9.298999997554347,True,on_screen,0.6986789813452263
1787904737189,93,1658.9642234083626,570.0937254777444,1268.2264996666602,404.5009248406738,0,1,main_file,0.6516841734199066,108,2,1.0,-1.4931303666670948e-05,8.713177001722306,39.489998253644636,9.50379999994766,True,on_screen,0.6986789813452263
1787904737293,94,1661.3324992688067,674.4309588590654,1386.158299547304,485.47993504619126,0,1,main_file,0.7319705919241704,213,2,1.0,0.00014046754174883505,8.803154503673298,39.4879641945747,9.04669999727048,True,on_screen,0.6986789813452263
1787904737400,95,1864.9663304267722,955.1649645048171,1529.8007088111444,626.385443883779,0,1,main_file,0.44818371719423944,320,2,0.8,-0.0003236764123655603,8.858954789355641,39.50506566282051,9.098800001083873,True,on_screen,0.6986789813452263
1787904737504,96,1854.4420894364655,963.031053828607,1627.1931229987408,727.3791268672273,1,1,main_file,0.5001609700277225,424,2,0.6,-0.00022453831187854018,8.93210810540796,39.48127066572976,8.403600004385225,True,on_screen,0.6986789813452263
1787904737608,97,1795.6149358984321,965.7351468308494,1677.719666868648,798.885932856314,1,1,main_file,0.4929076305431601,528,2,0.6,-0.00024331021367660077,9.001215869435713,39.50047662419887,8.709900008398108,True,on_screen,0.6986789813452263
1787904737712,98,1735.3938098830665,960.7819649697324,1695.0219097729732,847.4547424903394,1,1,main_file,0.48888685885569694,631,2,0.6,-0.00018719386688043418,9.065375250933425,39.498457108345406,8.713200004422106,True,on_screen,0.6986789813452263
1787904737815,99,1715.4057244680719,944.9633650883479,1701.1370541815027,876.7073292697419,1,1,main_file,0.48536353942755284,735,2,0.6,-0.00016725524378758544,9.13089349564133,39.495970717310925,9.86679999914486,True,on_screen,0.6986789813452263
1787904737918,100,1690.3299720776993,935.0433018597578,1697.8949295503614,894.2081210467466,1,1,main_file,0.49363516689492903,838,2,0.6,-0.0001299690076111623,9.190703193660898,39.49514997935839,9.478100007981993,True,on_screen,0.6986789813452263
1787904738017,101,1683.8148707044998,942.9070876459468,1693.6709118966028,908.8178110265065,1,1,main_file,0.5017536442569703,937,2,0.6,-0.0002446212804155523,9.278934682695587,39.4973999455118,8.841200004098937,True,on_screen,0.6986789813452263
1787904738119,102,1654.81015718411,944.5435566880079,1682.0126854828547,919.535534724957,1,1,main_file,0.5233938002632335,1039,2,0.6,-0.00017259594864128466,9.332291199804263,39.49651309534961,9.146600001258776,True,on_screen,0.6986789813452263
1787904738213,103,2052.7606684642715,922.4352839917862,1793.2370803772797,920.4054595050056,1,1,main_file,0.305454112746827,1133,2,0.6,-0.00018876451238587777,9.458256503925456,39.503019433052124,8.36969999363646,True,on_screen,0.6986789813452263
1787904738308,104,2169.963953130911,906.4543514622312,1906.255142203369,916.2201270921732,1,2,second_file,0.21859419667899604,0,1,0.8,-0.00019355615520681713,9.570767361982083,39.486808164120404,8.977799996500835,True,on_screen,0.6986789813452263
1787904738403,105,2229.578647204474,898.5374007169528,2003.2521937037004,910.915309179607,1,2,second_file,0.4092556816935945,95,1,0.8,-0.00020159197970413822,9.661132769663125,39.49193922001724,8.791899992502294,True,on_screen,0.6986789813452263
1787904738497,106,2262.570191909099,886.8367419870883,2081.04759316532,903.6917390218513,1,2,second_file,0.5622935650733385,188,1,0.8,-0.00020044494496296306,9.762919136756064,39.477211491270445,8.580599998822436,True,on_screen,0.6986789813452263
1787904738591,107,2273.880644493827,865.9600727635919,2138.897508563872,892.3722391443735,1,2,second_file,0.675564879709888,282,1,0.8,-0.00017091439691913068,9.851111947283675,39.483808472567176,8.17539999843575,True,on_screen,0.6986789813452263
1787904738684,108,2273.8644499252687,849.2409624539365,2179.387590972291,879.4328561372423,1,2,second_file,0.7520816160328297,375,1,0.6,-0.00016074579827220561,9.942233236819693,39.4899796782973,9.161499998299405,True,on_screen,0.6986789813452263
1787904738778,109,2340.506686720571,841.0915377585538,2227.723319696775,867.9304606236358,1,2,second_file,0.8375767065636128,470,1,0.6,-0.0002047168290430848,10.008468349921891,39.49708103405311,7.68949999473989,True,on_screen,0.6986789813452263
1787904738871,110,2366.465366940985,624.090241093378,2269.3459338700377,794.7783947645584,1,2,second_file,0.7825408984958624,562,1,0.6,-0.00017371875231528278,10.079744005120519,39.503615455022484,7.860199999413453,True,on_screen,0.6986789813452263
1787904738968,111,2295.5375335289855,344.6133132472098,2277.203413767722,659.7288703093539,1,2,second_file,0.5254335000101931,659,1,0.6,4.851799423333247e-06,10.10253906222809,39.48502233808378,9.014299997943453,True,on_screen,0.6986789813452263
1787904739068,112,2237.952428771402,184.38028123536466,2265.428118268826,517.124293587157,0,2,ai_agent,0.6824138911356145,0,2,0.8,0.00014337093672470852,10.094087026664214,39.4856823364631,9.522499996819533,True,on_screen,0.6986789813452263
1787904739177,113,2204.3876320453096,130.89246825605693,2247.115972401771,401.254745987827,0,2,ai_agent,0.8620646316726851,108,2,0.8,0.00020988484182986322,10.0014740992614,39.500670923947915,9.189300006255507,True,on_screen,0.6986789813452263
1787904739288,114,2174.707568645923,93.0270036594037,2225.3934512750166,308.7864232893,0,2,ai_agent,0.815839079582035,220,2,0.8,0.0002828593918803926,9.904543493032282,39.49291035876421,9.114600004977547,True,on_screen,0.6986789813452263
1787904739405,115,2151.1303363574743,91.05139462946568,2203.114516799754,243.4659146913497,0,2,ai_agent,0.6974362807983234,336,2,0.8,0.00027851106584603214,9.771604329070982,39.4799155652812,9.508699993602931,True,on_screen,0.6986789813452263
1787904739520,116,1302.9788628818987,257.23278760946215,1933.0738206243973,247.59597656678343,0,2,ai_agent,0.23918965457407626,451,2,0.8,0.0003369736180657071,9.664510505162218,39.48889652920502,10.351600009016693,True,on_screen,0.6986789813452263
1787904739638,117,1217.7188461579517,317.45039795104327,1718.4673282844635,268.5523029820614,0,1,main_file,0.42465963892744485,0,3,1.0,0.00037124777712080337,9.54358298002599,39.4957545733908,10.3335000021616,True,on_screen,0.6986789813452263
1787904739755,118,1209.9006335032977,368.6298418550006,1565.8973198501137,298.57556464394315,0,1,main_file,0.7250238635735838,117,3,1.0,0.0003950361181087776,9.442643093282651,39.48351772721676,9.361099990201183,True,on_screen,0.6986789813452263
1787904739866,119,1210.3610616994933,393.60827902662385,1459.2364424049276,327.08537895874736,0,1,main_file,0.9251648288457067,227,3,1.0,0.00040510776647666863,9.400482464588954,39.496459123755855,9.199099993566051,True,on_screen,0.6986789813452263
1787904739970,120,1212.6335332415636,424.14367227036064,1385.2555696559184,356.2028669522313,0,1,main_file,0.8922807404194818,332,3,1.0,0.0004008998771370953,9.423506273384437,39.49499998891663,8.607499999925494,True,on_screen,0.6986789813452263
1787904740068,121,1215.6756249650316,459.46503401225226,1334.3815862486522,387.1815170702376,0,1,main_file,0.7859196820774709,430,3,1.0,0.0003590219482536086,9.500459779590917,39.47624970443859,9.41919999604579,True,on_screen,0.6986789813452263
1787904740165,122,1228.907368207916,701.5942505320187,1302.7393208364313,481.50533710877187,0,1,main_file,0.6401620285973992,526,3,1.0,0.00021613206658304546,9.576126661974783,39.48034077771747,8.109100002911873,True,on_screen,0.6986789813452263
1787904740259,123,1223.8390275860359,921.7529355802407,1279.0692328613127,613.5796166502125,0,1,main_file,0.4104539735376619,621,3,1.0,0.0001920354531170336,9.684928443450762,39.48656285235613,8.169299995643087,True,on_screen,0.6986789813452263
1787904740354,124,1210.8906175987408,993.7580366195855,1258.615648282541,727.6331426410244,1,1,main_file,0.5088261611514497,716,3,1.0,0.00024039303300707124,9.774980445193721,39.49197920676121,8.339599997270852,True,on_screen,0.6986789813452263
1787904740449,125,1229.6637133168229,1066.092698700528,1249.9300677928254,829.1710094588755,1,1,main_file,0.6018369723269558,810,3,1.0,0.0001440214296246911,9.845667951556646,39.49687785997993,8.091199997579679,True,on_screen,0.6986789813452263
1787904740547,126,1221.547974655184,1114.7112051136219,1241.415439851533,914.8330681552993,1,1,main_file,0.6091007344768777,908,3,1.0,8.92601064775185e-05,9.879155875910097,39.47825828554811,8.82590000401251,True,on_screen,0.6986789813452263
1787904740648,127,1151.6007575130595,1162.4811350800373,1214.4710351499907,989.1274882327207,1,1,main_file,0.5239793043466772,1009,3,1.0,5.914447586367194e-05,9.880976472188076,39.498335520933345,9.507599999778904,True,on_screen,0.6986789813452263
1787904740751,128,1110.9025757675818,1182.272712628362,1183.400497335268,1047.071055551413,1,1,main_file,0.4194378151798912,1112,3,1.0,4.3579036943616756e-05,9.865205005863539,39.49725730575682,9.356599999591708,True,on_screen,0.6986789813452263
1787904740855,129,1091.952353914835,1184.6676490420928,1155.9660543091381,1088.350033598617,1,1,main_file,0.3310051937954096,1217,3,1.0,4.4265326344640477e-05,9.84285685755848,39.49560082764892,8.929599993280135,True,on_screen,0.6986789813452263
1787904740965,130,1090.1187694431303,1185.397663998509,1136.2118688493356,1117.4643227185845,1,1,main_file,0.2666358759320756,1326,3,1.0,5.1771679443087665e-05,9.7675742882827,39.48821455770386,9.383800002979115,True,on_screen,0.6986789813452263
1787904741073,131,1070.6340644454683,1184.8695122780225,1116.5385275281753,1137.685879586416,1,1,main_file,0.21206838549989115,1434,3,0.8,5.241313703811812e-05,9.718124237137879,39.482315492258024,10.118999998667277,True,on_screen,0.6986789813452263
1787904741177,132,1040.7935071004815,1175.0692842409421,1093.8150213998672,1148.9009009827737,1,1,main_file,0.16304320869369138,1539,3,0.8,3.268906157199991e-05,9.707540924133891,39.50137632896807,8.987299996078946,True,on_screen,0.6986789813452263
1787904741279,133,1027.1185813722088,1175.752531890018,1073.8060893915697,1156.9563902549469,1,1,main_file,0.12186469294419833,1641,3,0.8,4.3929057112257475e-05,9.715984246864044,39.481149142598795,8.213299995986745,True,on_screen,0.6986789813452263
1787904741377,134,1045.2035148474822,1167.5839420680948,1065.2253170283434,1160.144655798891,1,1,main_file,0.10447040979444477,1739,3,0.8,5.0753516267182386e-05,9.757566360085818,39.48336360826209,8.060500011197291,True,on_screen,0.6986789813452263
1787904741475,135,1048.5841662249393,1167.7583694657299,1060.2329717873222,1162.4287698989426,1,1,main_file,0.09386133568151234,1836,3,0.8,4.838717811438825e-05,9.80440914235445,39.48649298127606,7.655299996258691,True,on_screen,0.6986789813452263
1787904741570,136,1051.1694749078538,1164.8603987888107,1057.5139227234818,1163.158258565903,1,1,main_file,0.08865439607290915,1931,3,0.8,4.616761493838814e-05,9.878120694667045,39.491211112693605,8.172799993189983,True,on_screen,0.6986789813452263
1787904741663,137,1054.8534404580564,1163.2683106325019,1056.715778043854,1163.1912741858825,1,1,main_file,0.08732654614461655,2025,3,0.8,3.676945265495418e-05,9.967005249279733,39.49773740691923,8.315200000652112,True,on_screen,0.6986789813452263
1787904741755,138,1056.996201456947,1161.6668458201482,1056.7999050677818,1162.7339456761622,1,1,main_file,0.08797061741473755,2117,3,0.8,3.1478313529301194e-05,10.05614682525475,39.48559974157396,7.510700001148507,True,on_screen,0.6986789813452263
1787904741846,139,1057.7665862519996,1162.1214646390201,1057.0899094230472,1162.5502013650196,1,1,main_file,0.08864408532883805,2207,3,0.8,2.978861686503409e-05,10.145339103672507,39.49337704539805,7.557399992947467,True,on_screen,0.6986789813452263
1787904741940,140,1059.8862547607282,1161.0466826508934,1057.9288130243515,1162.0991457507816,1,1,main_file,0.09050289853382687,2302,3,0.8,2.7389852807278847e-05,10.195287215928301,39.478904645287514,7.99100000585895,True,on_screen,0.6986789813452263
1787904742042,141,1062.3452980374893,1161.963453307556,1059.2537585282928,1162.0584380178138,1,1,main_file,0.09269169749084871,2404,3,0.8,2.3300647586828316e-05,10.161334041426542,39.49825013418521,8.48509999923408,True,on_screen,0.6986789813452263
1787904742146,142,1077.0452325749443,1159.8079022521604,1064.591200742288,1161.3832772881178,1,1,main_file,0.10206051948433603,2507,3,0.6,3.97444521946233e-08,10.101195686709854,39.47496090447484,9.534199998597614,True,on_screen,0.6986789813452263
1787904742254,143,1118.3345168088401,1150.486473891625,1080.7141955622537,1158.1142362691699,1,1,main_file,0.1316058058557985,2615,3,0.6,-2.327065970763112e-05,10.022437908326673,39.49014063876692,9.474599995883182,True,on_screen,0.6986789813452263
1787904742367,144,1089.0572768429784,1158.7214540144528,1083.217119946471,1158.2964015927546,1,1,main_file,0.13538159705071118,2729,3,0.6,-2.5692386580976334e-05,9.903095820229876,39.479985416198616,10.337699990486726,True,on_screen,0.6986789813452263
1787904742485,145,1053.938695899506,1164.2125137603825,1074.4335927323814,1160.0712352430428,1,1,main_file,0.11934244190211274,2846,3,0.6,-4.1380921209699384e-05,9.758899924727745,39.48636685154226,10.669299997971393,True,on_screen,0.6986789813452263
1787904742600,146,709.0558725803978,1255.457446300563,964.8202766867862,1188.6870985602989,2,0,terminal,0.09121275304201948,0,2,0.8,-4.38147785379317e-05,9.652385826129983,39.496321694392265,9.454799990635365,True,on_screen,0.6986789813452263
1787904742712,147,617.7571225010024,1290.2704642537244,860.701330431051,1219.1621082683264,2,0,terminal,0.29272370729812347,111,2,0.8,-7.976257169481013e-05,9.58492372750202,39.488424346624676,9.604799997759983,True,on_screen,0.6986789813452263
1787904742818,148,576.2236173812779,1309.1997070476953,775.358016516119,1246.1733879021372,2,0,terminal,0.4541972213511458,218,2,0.8,-6.914342725192896e-05,9.568535459368556,39.48555079658357,8.497800008626655,True,on_screen,0.6986789813452263
1787904742916,149,553.1985640291712,1314.578339747188,708.7101807700346,1266.6948734556524,2,0,terminal,0.5715230506391668,315,2,0.8,-9.005031542519415e-05,9.625327680305238,39.48783030940244,8.186599996406585,True,on_screen,0.6986789813452263
1787904743013,150,551.2167243518418,1320.1727121010829,661.4621438445768,1282.7382250492815,2,0,terminal,0.6486629919801588,413,2,0.8,-8.032675814006324e-05,9.703454097522938,39.49125698930441,8.972300012828782,True,on_screen,0.6986789813452263
1787904743109,151,548.8944376964017,1321.641240865507,627.6918320001242,1294.409129794149,2,0,terminal,0.6967323770205833,509,2,0.8,-8.115120194791825e-05,9.767574573094821,39.49544800473646,8.16280000435654,True,on_screen,0.6986789813452263
1787904743204,152,561.6193200258822,1332.4746454842846,607.8700784078516,1305.8287845011896,2,0,terminal,0.7292993585534019,604,2,0.8,-0.00012739322095122949,9.84855044205754,39.48157477885401,7.614700007252395,True,on_screen,0.6986789813452263
1787904743298,153,759.6224226856052,1289.5323537524146,653.3957816911776,1300.939855276557,2,0,terminal,0.6876005679672668,698,2,0.8,-0.0001393558961173269,9.92634351555041,39.4863822201424,8.570899997721426,True,on_screen,0.6986789813452263
1787904743393,154,823.0467689668824,1266.519002621811,704.291077873889,1290.6135994801332,2,0,terminal,0.6134670110004504,792,2,0.6,-0.00015654138339985316,9.983358430370238,39.49113533181969,8.414500000071712,True,on_screen,0.6986789813452263
1787904743488,155,840.4270947540141,1259.1145889089785,745.1318829379265,1281.1638963087867,2,0,terminal,0.5445490781314536,888,2,0.6,-0.0001595791991502414,10.037186466160014,39.47694777705732,7.879600001615472,True,on_screen,0.6986789813452263
1787904743586,156,825.6622170906069,1264.3126672082522,769.2909831837306,1276.1085275786263,2,0,terminal,0.5025464463479,986,2,0.6,-0.00033795456454669554,10.059035215026366,39.47921486002641,8.639599996968172,True,on_screen,0.6986789813452263
1787904743686,157,1135.1292271719901,1629.487159691645,879.0424563802085,1382.122117212532,2,0,terminal,0.39438791197708867,1086,2,0.6,-0.0009387375292646757,10.049375031005797,39.49909060939351,8.824899996398017,True,on_screen,0.6986789813452263
1787904743793,158,1488.6292730019495,2217.6992861692092,1061.9185013667307,1632.795267899535,2,1,terminal,0.16691954885830784,1193,2,0.6,-0.0017300765248375455,9.983310872012948,39.494949031649156,9.038100004545413,True,on_screen,0.6986789813452263
1787904743906,159,1344.832820811602,2203.290580697423,1146.7927972001921,1803.9438617389014,-1,-1,off_screen,0.0,0,1,0.8,-0.001339352193444207,9.869786845878744,39.4849953293209,10.448700006236322,True,gaze_outside_screen,0.6986789813452263
1787904744019,160,1306.227062763073,2287.577874891606,1194.6230768690564,1949.0340656847127,-1,-1,off_screen,0.0,113,1,0.8,-0.002048006791409797,9.761457728282519,39.476459223372956,9.263100000680424,True,gaze_outside_screen,0.6986789813452263
1787904744124,161,1221.9537877423118,2163.624080739932,1202.8222901310328,2013.4110702012786,-1,-1,off_screen,0.0,218,1,0.6,-0.001780478947314864,9.744738079964753,39.49398581445774,8.414299998548813,True,gaze_outside_screen,0.6986789813452263
1787904744223,162,1142.5092938969067,2445.383082898768,1184.728391260795,2143.002674010525,-1,-1,off_screen,0.0,317,1,0.6,-0.0023594152999696257,9.774130576433173,39.49516807928175,8.576699998229742,True,gaze_outside_screen,0.6986789813452263
1787904744321,163,1067.7929199014773,2343.640436279013,1149.6477498529996,2203.1940026910715,-1,-1,off_screen,0.0,415,1,0.6,-0.002448808068712574,9.817656695282208,39.47882202193614,8.337000006577,True,gaze_outside_screen,0.6986789813452263
1787904744416,164,1227.8055493984157,2439.854506479701,1173.0950897166244,2274.19215382766,-1,-1,off_screen,0.0,509,1,0.6,-0.001988467030766026,9.892377467990231,39.48364787282627,8.382399988477118,True,gaze_outside_screen,0.6986789813452263
1787904744510,165,1354.5431470712656,2309.5383532612777,1227.5295069230167,2284.7960136577453,-1,-1,off_screen,0.0,604,1,0.6,-0.001672893395605772,9.967132983562975,39.48971070220127,7.797099999152124,True,gaze_outside_screen,0.6986789813452263
1787904744604,166,1606.092603791358,2289.2681344412204,1341.098435983519,2286.1376498927875,-1,-1,off_screen,0.0,698,1,0.6,-0.0014480474131573426,10.034990867216372,39.49463705535495,8.469100008369423,True,gaze_outside_screen,0.6986789813452263
1787904744700,167,1696.6411102642885,2165.886176865557,1447.7612382677498,2250.062207984618,-1,-1,off_screen,0.0,794,1,0.4,-0.0008253717314934267,10.067531697498984,39.497935144518124,8.788000006461516,True,gaze_outside_screen,0.6986789813452263
1787904744805,168,1590.2076900134782,2284.9779278667356,1490.4951737914682,2260.536923949253,-1,-1,off_screen,0.0,899,1,0.4,-0.001335687013155104,10.018622735198445,39.476977748526984,8.498800001689233,True,gaze_outside_screen,0.6986789813452263
1787904744911,169,1575.8752196417365,2288.691460310987,1516.1091875465486,2268.983284857773,-1,-1,off_screen,0.0,1005,1,0.4,-0.0014579761516255278,9.957801365048288,39.491700333511176,9.122500006924383,True,gaze_outside_screen,0.6986789813452263
1787904745018,170,1489.0543798604524,2140.4789970392076,1507.9927452407196,2230.4319985122033,-1,-1,off_screen,0.0,1111,1,0.4,-0.0008703661827919491,9.892333594768072,39.48636266935858,9.999899993999861,True,gaze_outside_screen,0.6986789813452263
1787904745134,171,1505.3877968597142,2173.0559655232264,1507.211260726418,2213.21918861551,-1,-1,off_screen,0.0,1228,1,0.4,-0.0015093625713246996,9.767821386025112,39.49437708207224,10.194800008321181,True,gaze_outside_screen,0.6986789813452263
1787904745257,172,1276.4855130564472,2215.0026212848334,1437.9935364254268,2213.754218416307,-1,-1,off_screen,0.0,1351,1,0.4,-0.0007735158043737402,9.606280867214004,39.497225186468334,10.223300007055514,True,gaze_outside_screen,0.6986789813452263
1787904745375,173,1653.948667524843,2144.835177010191,1502.7800757552516,2193.078505994472,-1,-1,off_screen,0.0,1469,1,0.4,-0.0014200100694111428,9.492270290115771,39.48532922126982,9.587000007741153,True,gaze_outside_screen,0.6986789813452263
1787904745490,174,1511.9704414479013,2111.8360780262706,1505.5371854630464,2168.7057776040115,-1,-1,off_screen,0.0,1584,1,0.4,-0.0007026795151166033,9.408333485725011,39.47507773769605,9.23710000643041,True,gaze_outside_screen,0.6986789813452263
1787904745601,175,1629.0478111140762,2203.7245386162476,1542.5903731583553,2179.211405907682,-1,-1,off_screen,0.0,1695,1,0.4,-0.0007485824743530718,9.375295268225683,39.487416974756414,9.017500007757917,True,gaze_outside_screen,0.6986789813452263
1787904745702,176,2379.0904682993446,2280.6287349499007,1793.540401700652,2209.6366046203475,-1,-1,off_screen,0.0,1796,1,0.4,-0.001996213582026181,9.419504936968991,39.48699057220806,9.050299995578825,True,gaze_outside_screen,0.6986789813452263
1787904745801,177,971.5836738488072,2241.564985934427,1546.9533833450985,2219.2151190145714,-1,-1,off_screen,0.0,1895,1,0.4,-0.0018221111591153333,9.494224786234088,39.48926495418937,8.806900004856288,True,gaze_outside_screen,0.6986789813452263
1787904745898,178,1106.425979196972,2100.413236374839,1414.7951621006605,2183.5745542226514,-1,-1,off_screen,0.0,1992,1,0.4,-0.0017585063942504933,9.574276415538087,39.49215596043537,8.980399987194687,True,gaze_outside_screen,0.6986789813452263
1787904745995,179,1018.5353918381426,2180.30931321335,1295.917231021905,2182.594981919861,-1,-1,off_screen,0.0,2088,1,0.4,-0.002156644127436151,9.651692399079268,39.49636554720385,7.897499992395751,True,gaze_outside_screen,0.6986789813452263
1787904746091,180,1141.5109626897959,2148.3416370258537,1249.5953505222724,2172.3189784516585,-1,-1,off_screen,0.0,2185,1,0.4,-0.0021684743853610106,9.729184661797694,39.48203525303704,7.7089999977033585,True,gaze_outside_screen,0.6986789813452263
1787904746186,181,1416.7475603739751,2039.2424556124456,1299.7410134777833,2132.3960215998945,-1,-1,off_screen,0.0,2280,1,0.4,-0.002088707193600242,9.805017861521964,39.4851848210491,9.175300001516007,True,gaze_outside_screen,0.6986789813452263
1787904746281,182,1093.0835974484753,1969.5780955868447,1237.7437886689909,2083.5506437959793,-1,-1,off_screen,0.0,2375,1,0.4,-0.0021020167521255025,9.871417033836222,39.4900893860172,8.054400008404627,True,gaze_outside_screen,0.6986789813452263
1787904746380,183,1300.9406133913653,1865.8404547812008,1256.702836085703,2018.2375870915457,-1,-1,off_screen,0.0,2474,1,0.4,-0.001984468600302783,9.902100293749006,39.491821074733316,8.910499993362464,True,gaze_outside_screen,0.6986789813452263
1787904746484,184,0.0,0.0,0.0,0.0,-1,-1,,0.0,0,0,0.4,-0.0025000904229055525,9.866870990826339,39.48898559216734,9.426899996469729,True,eyes_invalid_or_blink,0.6986789813452263
1787904746590,185,0.0,0.0,0.0,0.0,-1,-1,,0.0,0,0,0.4,-0.0026225815380307646,9.82819488552354,39.48637255798984,8.975200005806983,True,eyes_invalid_or_blink,0.6986789813452263
1787904746697,186,1952.9156873955144,2899.506993830165,1465.5666914786464,2282.6184091131313,-1,-1,off_screen,0.0,0,2,0.6,-0.0018307854341620966,9.782298295190403,39.482318599805865,9.11929999710992,True,gaze_outside_screen,0.6986789813452263
1787904746801,187,973.9770431169105,2296.521506935151,1318.0897969701255,2286.7893384597373,-1,-1,off_screen,0.0,104,2,0.6,-0.0016745910543743692,9.758099945973427,39.479427820796545,9.558299992932007,True,gaze_outside_screen,0.6986789813452263
1787904746907,188,-300.1494252539711,1164.157425403754,832.6180303028964,1949.999764542942,-1,-1,off_screen,0.0,210,2,0.6,-0.00046130430265686403,9.731440100391362,39.49488765842183,9.26150000304915,True,gaze_outside_screen,0.6986789813452263
1787904747012,189,24.06523957350848,764.3430486682915,590.05219308408,1594.3027497805467,2,0,terminal,0.6958565985514198,0,3,0.8,0.00033225056695744895,9.71024888199998,39.474703612213496,8.466400002362207,True,on_screen,0.6986789813452263
1787904747116,190,416.886148806954,755.1900321686489,538.1023798009422,1342.5689344969774,2,0,terminal,0.7947882201413861,103,3,0.8,3.3477419456907215e-05,9.699185909373401,39.48976994688019,9.79419999930542,True,on_screen,0.6986789813452263
1787904747216,191,205.27829888122739,496.248947262867,438.2551555250277,1088.6729383267443,1,0,sidebar,0.541443694398742,0,2,1.0,0.0002652011461473716,9.726107322238704,39.491226728650204,8.801799995126203,True,on_screen,0.6986789813452263
1787904747313,192,186.83912892499603,440.6740217363654,362.8303475450182,894.2732633496306,1,0,sidebar,0.5814057338385639,96,2,1.0,0.0006384878214974014,9.792047972792572,39.47735945390508,7.934099994599819,True,on_screen,0.6986789813452263
1787904747407,193,-236.26849456188796,492.9875153765077,183.10069491294632,773.8875389576938,1,0,sidebar,0.18999876229330548,190,2,1.0,0.0002847030873860193,9.867661060346817,39.48215698223112,7.675700006075203,True,on_screen,0.6986789813452263
1787904747501,194,-90.85528973910415,542.8964270029227,100.91389951733117,704.5902053712624,-1,-1,off_screen,0.0,0,3,1.2,0.0004640956446504939,9.953587770553279,39.48691866016873,8.801399992080405,True,gaze_outside_screen,0.6986789813452263
1787904747598,195,312.6414003372384,466.3969902149138,164.43214976330333,633.1322408243578,1,0,sidebar,0.037136084522053414,0,3,1.4,0.0009684772949997388,9.98967778629358,39.490701373326694,8.106000008410774,True,on_screen,0.6986789813452263
1787904747694,196,639.777840386728,544.8159434835687,307.03585695033075,606.6373516221211,0,0,sidebar,0.28366330629971737,95,3,1.2,0.0009652104244547016,10.02762332512607,39.493870198720764,8.242099997005425,True,on_screen,0.6986789813452263
1787904747793,197,826.0844955420873,610.9934369855642,462.7504485278577,607.9441772311541,0,0,sidebar,0.46492971406387307,194,3,1.2,0.0008171064015658341,10.038090481880387,39.4778142080618,8.485400001518428,True,on_screen,0.6986789813452263
1787904747891,198,389.8532234471148,941.02301890763,440.88128100363485,707.8678297340969,1,0,sidebar,0.5389267068142122,292,3,1.2,0.00031711290088450375,10.046752708048796,39.47942504855453,8.733499998925254,True,on_screen,0.6986789813452263
1787904747994,199,363.0720053134018,1013.7913732807714,417.5384982965649,799.6448927980991,1,0,sidebar,0.63181462733957,395,3,1.2,0.00024077200231057555,10.017261113750063,39.49594683056329,9.261999992304482,True,on_screen,0.6986789813452263
1787904748100,200,386.83289875964385,983.5295416055317,408.3268184354886,854.8102874403288,1,0,sidebar,0.6591203877162621,501,3,1.2,0.0002767356137978044,9.959783361766766,39.49188758992303,10.429400004795752,True,on_screen,0.6986789813452263
1787904748208,201,482.8630598730493,905.0429949806318,430.6876908667567,869.8800997024196,1,0,sidebar,0.7086947917471296,609,3,1.2,0.0003959501232263171,9.8931753419608,39.48869995907954,8.72299999173265,True,on_screen,0.6986789813452263
1787904748314,202,-38.548416969196516,1005.0881580308151,289.9168585159708,910.4425172009381,1,0,sidebar,0.43805652655846894,715,3,1.2,0.00019784246322412588,9.845458547700606,39.48468774184869,9.524099994450808,True,on_screen,0.6986789813452263
1787904748419,203,250.5171136384171,1002.6669825596967,278.0969350527047,938.1098568085656,1,0,sidebar,0.4104629163418728,820,3,1.2,0.00031467403832901794,9.807656887375993,39.48163155867609,9.632400004193187,True,on_screen,0.6986789813452263
1787904748523,204,13.807020493117452,944.2420776636628,198.8099606848285,939.9495230650948,1,0,sidebar,0.2554501543764971,924,3,1.2,0.0002496951148536694,9.792213018301545,39.480969521703564,8.3028000080958,True,on_screen,0.6986789813452263
1787904748624,205,94.00915155986623,802.546407551761,167.3697179473398,898.7285884110946,1,0,sidebar,0.197871612438969,1026,3,1.2,0.0004547828020993287,9.802660175612184,39.48086304084254,8.762299999943934,True,on_screen,0.6986789813452263
1787904748723,206,927.8561795373328,765.9800418869656,395.51565642433764,858.9040244538559,1,0,sidebar,0.6366485011070339,1125,3,1.2,0.0004772838674677732,9.831108297062574,39.48282887125453,8.072500000707805,True,on_screen,0.6986789813452263
1787904748820,207,1150.2065257311322,798.2906413202461,621.9229172163759,840.7200095137729,1,0,sidebar,0.8528038337623733,1221,3,1.2,0.00039494070413496896,9.88520566550461,39.48606374647751,8.28949999413453,True,on_screen,0.6986789813452263
1787904748914,208,1219.968815616362,957.1142270343138,801.3366867363718,875.638274769935,1,0,sidebar,0.5550957952409947,1315,3,1.0,0.0002494049710115541,9.958953741759917,39.49126202968271,7.943200005684048,True,on_screen,0.6986789813452263
1787904749008,209,766.1389666294851,1082.025256708472,790.7773707043057,937.5543693514961,1,0,sidebar,0.5720044779913065,1409,3,1.0,0.00021118231911121388,10.028397478494098,39.47904127043908,7.773699995595962,True,on_screen,0.6986789813452263
1787904749100,210,765.5928238983013,1029.5778133206989,783.2220066625043,965.161402542257,1,0,sidebar,0.5735950131813377,1501,3,1.0,8.71791705099878e-05,10.11130988438889,39.485214864050576,7.9627999948570505,True,on_screen,0.6986789813452263
1787904749192,211,974.9546655692196,1112.2540194515252,840.7418043345189,1009.2891876150375,1,0,sidebar,0.43778320891363465,1593,3,1.0,-0.0001922169729500177,10.177234950677121,39.49097046784479,8.060799998929724,True,on_screen,0.6986789813452263
1787904749285,212,1088.4175781637537,1401.4101285795637,915.0445364832892,1126.9254699043952,1,0,sidebar,0.19915513266100904,1687,3,1.0,-0.0003572933548140582,10.240498138839351,39.49690286121119,8.218799994210713,True,on_screen,0.6986789813452263
1787904749378,213,1375.5083420958495,1613.6940524473482,1053.1836781670572,1272.956044667281,2,1,terminal,0.17291949177777044,0,4,1.2,-0.0005896079146913147,10.294564714015667,39.48590817444727,7.492100005038083,True,on_screen,0.6986789813452263
1787904749469,214,1415.1031339175133,1481.9093577020114,1161.759514892194,1335.6420385777,2,1,terminal,0.41667293642522363,91,4,1.2,-0.00035712868487688954,10.365545079651586,39.492168099084665,8.75320000341162,True,on_screen,0.6986789813452263
1787904749561,215,1224.3006135045985,1389.3473497270272,1180.5218444759153,1351.7536319224982,2,1,terminal,0.46200476275451996,183,4,1.2,-0.0002922624111496644,10.41045387060659,39.48167489592852,7.621099997777492,True,on_screen,0.6986789813452263
1787904749655,216,898.5592408465353,1350.6338940642659,1095.9330633871014,1351.4177105650285,2,1,terminal,0.30258609939032355,276,4,1.2,-0.00012534422542070933,10.435841911293565,39.486535038930164,7.98360000771936,True,on_screen,0.6986789813452263
1787904749753,217,649.4311162314198,1268.091667517392,961.9824792403969,1326.4198976507375,2,0,terminal,0.21020979472938794,375,4,1.2,-4.824858338772081e-05,10.408716174163951,39.48855464196739,7.952100000693463,True,on_screen,0.6986789813452263
1787904749851,218,428.25547763523144,1256.8142079413515,801.8643787588472,1305.5381907379217,2,0,terminal,0.48401914094953313,473,4,1.2,-6.856435740520972e-05,10.391479686803738,39.490597968570135,8.549399994080886,True,on_screen,0.6986789813452263
1787904749949,219,814.9370676895307,1881.1495459509993,805.7861854380523,1478.2215973018447,2,0,terminal,0.5427418420232286,570,4,1.2,-0.00047801033141445237,10.372307594548406,39.493028287641145,8.170599990990013,True,on_screen,0.6986789813452263
1787904750047,220,1090.3443855950954,1582.6236443337616,891.1536454851653,1509.5422114114197,2,0,terminal,0.36648423512613293,668,4,1.2,-0.00040045080717022313,10.351727463727878,39.477668838921566,8.474299989757128,True,on_screen,0.6986789813452263
1787904750146,221,1187.6888314883217,1451.428114137688,980.1142012861121,1492.1079822293,2,0,terminal,0.2001730048921576,767,4,1.2,-0.0004672486830349862,10.328657078514798,39.47938163122998,8.391900002607144,True,on_screen,0.6986789813452263
1787904750251,222,1417.5550458204225,1715.3647455896032,1111.3464546464052,1559.085011237391,2,1,terminal,0.3138218642884033,872,4,1.2,-0.0009195493946565075,10.24763398534024,39.4931545864601,9.580600002664141,True,on_screen,0.6986789813452263
1787904750359,223,1247.5674417884272,1677.1044525023976,1152.2127507890118,1594.4908436168928,2,1,terminal,0.35883338715338897,980,4,1.2,-0.0002851328422847632,10.152498385849173,39.48913897929926,9.272900002542883,True,on_screen,0.6986789813452263
1787904750466,224,1272.402567926712,1641.01495147218,1188.2696959303219,1608.4480759734788,2,1,terminal,0.40543756093792094,1088,4,1.2,7.644545029873023e-05,10.066215417842901,39.48472417934048,9.531699994113296,True,on_screen,0.6986789813452263
1787904750577,225,1578.684608872989,885.2501380296064,1305.394169813122,1391.4886945903172,2,1,terminal,0.7191385185197221,1198,4,1.2,0.0010162291705504145,9.961988684975193,39.47826952103742,9.548899994115345,True,on_screen,0.6986789813452263
1787904750687,226,1727.3201586616265,476.9387247689924,1431.9719664676732,1117.1237036439197,1,1,main_file,0.5735038284823974,0,4,1.4,0.0016103815574824987,9.878235729586226,39.49014320177854,8.935799996834248,True,on_screen,0.6986789813452263
1787904750799,227,1158.4043489579442,878.2417680577187,1349.9016812147543,1045.4591229680593,1,1,main_file,0.6641328128569105,111,4,1.4,0.0008943153608838988,9.784964187885603,39.48258281597593,9.541999999783002,True,on_screen,0.6986789813452263
1787904750908,228,1669.0275389517233,518.7253660076263,1445.6394385358449,887.4389958799294,1,1,main_file,0.9729722500755378,220,4,1.4,0.0007147656473722869,9.719821717095824,39.49468650830122,8.784799996647052,True,on_screen,0.6986789813452263
1787904751011,229,1721.1706945896426,648.1623998273625,1528.298815351984,815.6560170641592,1,1,main_file,0.7603051927334282,323,4,1.4,0.0005612477242268599,9.716087291730183,39.47616504414647,9.203299996443093,True,on_screen,0.6986789813452263
1787904751113,230,1561.3533700984106,808.6850122130321,1538.215181775912,813.5647156088211,1,1,main_file,0.7431801320689482,425,4,1.4,0.0002075707905804247,9.72885362123049,39.49373647260117,7.933800006867386,True,on_screen,0.6986789813452263
1787904751212,231,1616.2263356756282,1233.0508223822628,1561.6185279458268,939.4105476408536,1,1,main_file,0.7490461653643307,524,4,1.4,4.1564486893904545e-05,9.761943713550417,39.494094458635324,9.1993999958504,True,on_screen,0.6986789813452263
1787904751314,232,1188.573332175041,1932.8604322505025,1449.704969214591,1237.4455130237482,2,1,terminal,0.6019377197683096,0,5,1.6,-0.0010518144381537198,9.769217304425815,39.47719310065988,8.995299998787232,True,on_screen,0.6986789813452263
1787904751421,233,730.7133700260403,1757.1413036706595,1234.0074894580257,1393.3542502178216,2,1,terminal,0.5854077143121743,107,5,1.6,-0.0006280829400480761,9.729817423320043,39.49011554706524,9.442299997317605,True,on_screen,0.6986789813452263
1787904751535,234,1003.9818273196537,1878.6055063934493,1164.9997908165142,1538.92962707051,2,1,terminal,0.4263180894496913,221,5,1.6,-0.0010624911316879822,9.634088576716708,39.48092280473108,10.650900003383867,True,on_screen,0.6986789813452263
1787904751654,235,997.8116195296822,1469.3567152542867,1114.8433394304645,1518.057753525643,2,1,terminal,0.3435967508003336,340,5,1.6,-0.0008789078009127128,9.506843056119635,39.48605188316256,9.911000001011416,True,on_screen,0.6986789813452263
1787904751778,236,831.5122690637457,2172.2827503550106,1029.8440183204489,1714.3252525744533,-1,-1,off_screen,0.0,0,4,1.6,-0.002166261469815481,9.365746477475954,39.487442939894926,10.915000006207265,True,gaze_outside_screen,0.6986789813452263
1787904751905,237,1611.272536619449,1944.3572195252,1204.272573810149,1783.3348426596772,-1,-1,off_screen,0.0,126,4,1.6,-0.0017977316721491388,9.213476403571809,39.48664157865054,11.213200006750412,True,gaze_outside_screen,0.6986789813452263
1787904752045,238,1707.8435114343868,1755.4710454800218,1355.3438550974201,1774.9757035057803,-1,-1,off_screen,0.0,266,4,1.4,-0.0017088796863289693,9.007126257324934,39.47724284720062,12.272799998754635,True,gaze_outside_screen,0.6986789813452263
1787904752188,239,1359.403073131798,1933.9531942201659,1356.5616205077336,1822.6689507200958,-1,-1,off_screen,0.0,409,4,1.4,-0.0017262899976841876,8.808710078337146,39.48324579119625,12.62999999744352,True,gaze_outside_screen,0.6986789813452263
1787904752328,240,1135.3911821565403,1799.1472219403886,1290.2104890023754,1815.6124320861836,-1,-1,off_screen,0.0,549,4,1.2,-0.0010761384789866602,8.642175342837596,39.49168805497053,11.680499999783933,True,gaze_outside_screen,0.6986789813452263
1787904752461,241,1316.507979375425,1903.2960090429897,1298.0997361142904,1841.9175051732254,-1,-1,off_screen,0.0,682,4,1.2,-0.00021701230391829932,8.526935315857356,39.48786236647549,10.6794000021182,True,gaze_outside_screen,0.6986789813452263
1787904752590,242,1342.955706942388,2060.7385406466205,1311.5565273627196,1907.5638158152437,-1,-1,off_screen,0.0,811,4,1.0,-0.0005087563416828651,8.452800126437504,39.487060036243875,10.136099997907877,True,gaze_outside_screen,0.6986789813452263
1787904752716,243,527.2230052516456,1552.6059875369383,1076.2564707293973,1801.0764673317522,-1,-1,off_screen,0.0,937,4,0.8,-0.0012038839012962765,8.398250723068424,39.48651622881315,11.03280000097584,True,gaze_outside_screen,0.6986789813452263
