timestamp_ms,frame_index,capture_frame_id,gaze_x_raw,gaze_y_raw,gaze_x_smooth,gaze_y_smooth,grid_row,grid_col,section,confidence,dwell_time_ms,nrevisit_count,transition_rate,iris_size_delta,fps_actual,capture_fps,capture_age_ms,preprocess_ms,inference_ms,mapping_metrics_ms,total_processing_ms,dropped_frames_total,face_detected,gaze_status,calibration_quality,head_pitch,head_yaw,head_pose_shifted,is_blinking,total_blinks,blink_rate_bpm
1789803362795,1,1503,1758.7388912634758,1980.0000000000002,1758.7388912634758,1980.0000000000002,-1,-1,off_screen,0.0,0,0,0.2,0.0,0.0,30.099548091305632,16.07069998863153,0.6686000269837677,15.855100005865097,2.0083000126760453,18.55710000381805,0,True,gaze_outside_screen,0.3022936218313471,-8.096094112896708,8.488987341536856,False,False,0,0.0
1789803362814,2,1504,1662.0947976783289,1980.0000000000002,1691.088025753873,1980.0,-1,-1,off_screen,0.0,18,0,0.2,0.0,53.23821436020785,30.09022845099251,2.122400008374825,0.4450000124052167,13.436000008368865,1.3526999973692,15.249599993694574,0,True,gaze_outside_screen,0.3022936218313471,-8.189887887119028,8.045749181462643,False,False,0,0.0
1789803362843,3,1505,2038.254594192732,1980.0000000000002,1934.1046236610741,1980.0,-1,-1,off_screen,0.0,47,0,0.2,0.0,51.29593578673396,30.09182254722411,0.1564999984111637,0.4192999913357198,14.37170000281185,1.44599998020567,16.260000003967434,0,True,gaze_outside_screen,0.3022936218313471,-8.409239087843872,8.151377718231045,False,False,0,0.0
1789803362876,4,1506,2225.5460582886412,1980.0000000000002,2138.1136279003713,1980.0,-1,-1,off_screen,0.0,80,0,0.2,0.0,49.21025058839961,30.090114678649442,0.3249000001233071,0.7058999908622354,17.427100014174357,1.3149000005796552,19.479900016449392,0,True,gaze_outside_screen,0.3022936218313471,-8.488705318373519,7.9663346068410075,False,False,0,0.0
1789803362908,5,1507,1993.1938354115457,1914.6529034939363,2036.6697731581935,1934.2570324457556,-1,-1,off_screen,0.0,112,0,0.2,0.0,47.45694018086065,30.092622355925702,0.242499983869493,0.5132000078447163,14.177700009895489,2.248200005851686,16.97490000515245,0,True,gaze_outside_screen,0.3022936218313471,-8.697878119856824,7.047385532913667,False,False,0,0.0
1789803362940,6,1508,1862.7454825136278,1799.4507628929848,1914.9227697069975,1839.8926437588161,-1,-1,off_screen,0.0,144,0,0.2,0.0,45.8397265975146,30.094157714597443,0.23030000738799572,0.45250001130625606,14.1818999836687,1.0119999933522195,15.681000018958002,0,True,gaze_outside_screen,0.3022936218313471,-8.883685523462447,6.238858266133124,False,False,0,0.0
1789803362971,7,1509,1830.2117090592799,1736.3107212071807,1855.6250272535951,1767.3852979726712,2,1,terminal,0.12690539034184523,0,0,0.4,0.0,44.46962758541262,30.09590565926017,0.3423000162001699,0.7347000064328313,12.23520000348799,1.8854000081773847,14.883199997711927,0,True,on_screen,0.3022936218313471,-8.813348386693235,5.9464816351736225,False,False,0,0.0
1789803363003,8,1510,1985.4557955037506,1722.823877863745,1946.506565028704,1736.1923038964228,2,2,terminal,0.0966785177367675,32,0,0.4,0.0,43.1672793600154,30.094350532277623,0.23370000417344272,0.2823999966494739,17.080399993574247,1.5236999897751957,18.901999981608242,0,True,on_screen,0.3022936218313471,-8.834876657623767,5.958889912262052,False,False,0,0.0
1789803363036,9,1511,1855.922325188758,1709.2086675143607,1883.097597140742,1717.303758428979,2,2,terminal,0.009393341040569547,65,0,0.4,0.0,41.8751718366094,30.095942778301165,0.15969999367371202,0.3510000242386013,14.435900026001036,1.6085999959614128,16.4130000048317,0,True,on_screen,0.3022936218313471,-8.837720670623298,5.888628712301291,False,False,0,0.0
1789803363067,10,1512,1877.2839090377395,1661.9905654139875,1880.2370600627064,1690.0877405207955,2,2,terminal,0.02227227360805828,95,0,0.4,0.0,40.84537654471115,30.096990358094992,0.24200000916607678,0.5487999878823757,14.000299997860566,1.6530000139027834,16.222500009462237,0,True,on_screen,0.3022936218313471,-8.897239303557484,5.941195898368557,False,False,0,0.0
1789803363118,11,1513,2150.2018354445054,1700.0146701712251,2069.212402829966,1697.0365912760963,2,2,terminal,0.3197914399126779,147,0,0.4,0.0,38.737100041593465,30.078482553958448,0.24850000045262277,0.5646000208798796,26.844199979677796,2.349199989112094,29.781300021568313,0,True,on_screen,0.3022936218313471,-8.951181915976832,6.050507693014021,False,False,0,0.0
1789803363148,12,1514,2317.162911207394,1656.8711013533666,2242.7777586941656,1668.9207483301855,2,2,terminal,0.5923138110698603,177,0,0.4,0.0,38.17599748992016,30.083172421145836,0.19389999215491116,0.535300001502037,22.521100006997585,1.9213000196032226,24.992699996801093,0,True,on_screen,0.3022936218313471,-8.95409766323263,5.882657139163113,False,False,0,0.0
1789803363179,13,1515,2411.876252784914,1569.9266989774633,2361.1467045576896,1599.62491378328,2,2,terminal,0.8110851177120908,207,0,0.4,0.0,37.56984591180377,30.08218984427948,0.22629997693002224,0.6853999802842736,26.150899997446686,1.8785999855026603,28.74000000883825,0,True,on_screen,0.3022936218313471,-9.065108144905025,6.076825885003385,False,False,0,0.0
1789803363211,14,1516,2394.650267426534,1525.5550844166698,2384.5991985658807,1547.776033226653,2,2,terminal,0.9113188946929781,240,0,0.4,0.0,36.93414504164749,30.087591946358888,0.2004999842029065,0.471399980597198,18.948800017824396,1.4567000034730881,20.895900001050904,0,True,on_screen,0.3022936218313471,-9.081960188296762,6.266133386337762,False,False,0,0.0
1789803363244,15,1517,2308.27332177556,1510.2198978634678,2331.1710848126563,1521.4867384724234,2,2,terminal,0.8726151410202879,273,0,0.4,0.0,36.34289088232613,30.088758087665536,0.21559998276643455,0.5110999918542802,17.842300003394485,1.562199991894886,19.942100014304742,0,True,on_screen,0.3022936218313471,-9.038894795375626,6.281029634642666,False,False,0,0.0
1789803363274,16,1518,2326.160557322432,1500.721796170282,2330.169765949006,1517.3370100315933,2,2,terminal,0.8728882069142041,302,0,0.4,0.0,35.96357702400759,30.09216307756035,0.14560000272467732,0.5929000035393983,13.69289998547174,2.440599986584857,16.747100016800687,0,True,on_screen,0.3022936218313471,-9.126666840214284,6.17738371190847,False,False,0,0.0
1789803363307,17,1519,2202.2914612324635,1472.4966190928817,2240.6549526474264,1485.9487363744952,2,2,terminal,0.7173985983735944,335,0,0.4,0.0,35.39098003185146,30.090647789228846,0.15410000924021006,0.32220000866800547,16.877899994142354,2.2307000181172043,19.448300008662045,0,True,on_screen,0.3022936218313471,-9.078316096590413,6.055510235941326,False,False,0,0.0
1789803363338,18,1520,1486.3055732832304,1497.8120315220924,1712.6103870924892,1494.2530429778133,2,1,terminal,0.5182822731412626,367,0,0.4,0.0,35.0754423858748,30.092275071062907,0.18900001305155456,0.7245000160764903,17.157600028440356,1.0278999980073422,18.92760000191629,0,True,on_screen,0.3022936218313471,-8.908119844611605,5.798186812198274,False,False,0,0.0
1789803363370,19,1521,1542.2117232702378,1593.8587768973032,1593.3313224169133,1563.9770567214564,2,1,terminal,0.7064809586149179,398,0,0.4,0.0,34.73087362243448,30.096057652518926,0.13460000627674162,0.3887000202666968,12.148500012699515,1.6341999871656299,14.190999994752929,0,True,on_screen,0.3022936218313471,-8.703580131444397,5.696548348494545,False,False,0,0.0
1789803363403,20,1522,1246.9501913735571,1369.2280012462277,1350.864530686564,1427.6527178887964,2,1,terminal,0.7971853708964358,432,0,0.4,0.0,34.27840500496483,30.096136353327275,0.3638999769464135,0.3664999967440963,12.78770001954399,1.009799976600334,14.179200021317229,0,True,on_screen,0.3022936218313471,-8.555465110539075,5.872868675694258,False,False,0,0.0
1789803363434,21,1523,889.8489096111617,1208.4215598056362,1028.1535959337825,1274.1909072305843,2,1,terminal,0.17021879356024594,463,0,0.4,0.0,34.099374627257596,30.096685870147795,0.14869999722577631,0.3192000149283558,13.948499981779605,1.4171999937389046,15.702200005762279,0,True,on_screen,0.3022936218313471,-8.366869728731245,6.153436606800741,False,False,0,0.0
1789803363467,22,1524,605.6019963573023,1120.2547389523936,732.3674762302464,1166.4355894358507,1,0,sidebar,0.351662872311987,0,0,0.6,0.0,33.71294188955379,30.09534976964284,0.1564999984111637,0.32389999250881374,15.445900004124269,2.3166000028140843,18.10210000257939,0,True,on_screen,0.3022936218313471,-8.028507288622535,6.673749094994454,False,False,0,0.0
1789803363500,23,1525,407.7458435968483,1078.065883518201,505.13233338686774,1104.576795293496,1,0,sidebar,0.6358646305668183,32,0,0.6,0.0,33.38764221678606,30.09500121596352,0.2631000243127346,0.6812999781686813,16.809900000225753,1.574499998241663,19.086699991021305,0,True,on_screen,0.3022936218313471,-7.60755226536196,6.764984752905882,False,False,0,0.0
1789803363546,24,1526,350.78650647988513,1039.3395129770015,397.0902545519799,1058.9106976719497,1,0,sidebar,0.6833449848149775,78,0,0.6,0.0,32.2112037933283,30.089861339937567,0.16170000890269876,0.32029999420046806,13.243399997008964,1.1457999935373664,14.729599992278963,0,True,on_screen,0.3022936218313471,-7.371532283834881,7.256005595211314,False,False,0,0.0
1789803363579,25,1527,668.4273481844484,1049.193165656728,587.0262200947078,1052.1084252612945,1,0,sidebar,0.6714216259585253,111,0,0.6,0.0,32.044749722263006,30.088337407916597,0.22429999080486596,0.3763999848160893,14.294799999333918,3.107800002908334,17.7972000092268,0,True,on_screen,0.3022936218313471,-6.935095775139786,7.763514484183882,False,False,0,0.0
1789803363612,26,1528,839.5603380960283,1103.7856842219915,763.8001026956321,1088.2825065337825,1,0,sidebar,0.3983148908885029,144,0,0.6,0.0,31.889640939595456,30.089050040177796,0.1765000051818788,0.31189998844638467,15.764899988425896,0.9365000005345792,17.035800003213808,0,True,on_screen,0.3022936218313471,-6.703469909802095,7.836940306422022,False,False,0,0.0
1789803363642,27,1529,928.8289303334311,1111.7466276383018,879.3202820420913,1104.707391306946,1,0,sidebar,0.2072389710514455,174,0,0.6,0.0,31.96320249628787,30.09270136364975,0.14980000560171902,0.34180001239292324,12.131399998907,0.9657000191509724,13.453599996864796,0,True,on_screen,0.3022936218313471,-6.745657652764947,8.050764124513732,False,False,0,0.0
1789803363675,28,1530,992.2882671447283,1075.5266487364847,958.3978716139372,1084.280871507623,1,0,sidebar,0.09429612426965639,207,0,0.6,0.0,31.85475062963466,30.090366089420844,0.16039999900385737,0.4343999898992479,16.591899999184534,1.1961999989580363,18.246599996928126,0,True,on_screen,0.3022936218313471,-6.732607526871789,8.466030339744792,False,False,0,0.0
1789803363708,29,1531,892.5741963510071,1049.1904476275802,915.3570712305777,1061.3359368233246,1,0,sidebar,0.17975624040193405,240,0,0.6,0.0,31.68155058862621,30.091953383363983,0.21219998598098755,0.5031999899074435,13.902300008339807,1.1696000001393259,15.597100020386279,0,True,on_screen,0.3022936218313471,-6.795009142025464,8.193594154924211,False,False,0,0.0
1789803363739,30,1532,877.903129920429,1053.4192437311701,902.4667142097652,1058.6112836409793,1,0,sidebar,0.20277544506535372,272,0,0.6,0.0,31.778531065854267,30.092109176626966,0.1981999957934022,0.39969998761080205,16.111600009026006,1.4076999796088785,17.938700009835884,0,True,on_screen,0.3022936218313471,-6.859161300074618,8.3700090480325,False,False,0,0.0
1789803363773,31,1533,944.4826354409507,1062.373728819339,918.325713857738,1060.0314266489313,1,0,sidebar,0.17562968277255386,305,0,0.6,0.0,31.5184436488789,30.08811832435677,2.339900005608797,0.5792999872937799,21.197599999140948,1.855600014096126,23.654499993426725,0,True,on_screen,0.3022936218313471,-6.968218773588006,8.16238729898787,False,False,0,0.0
1789803363804,32,1534,941.1179642514304,1072.287546695364,923.758835594155,1062.9529895081582,1,0,sidebar,0.1648417342615649,336,0,0.6,0.0,31.616486351967364,30.092873650694155,0.2820999943651259,0.5435000057332218,16.11979998415336,1.378899993142113,18.063099996652454,0,True,on_screen,0.3022936218313471,-6.934738735269605,8.31412947068258,False,False,0,0.0
1789803363834,33,1535,757.5274870414594,1084.3006851164082,807.3968916072681,1077.8963764339333,1,0,sidebar,0.3417292605909592,367,0,0.6,0.0,31.69073808897951,30.097337711660007,0.20490001770667732,0.41210002382285893,11.3936000270769,0.9864000021480024,12.82469998113811,0,True,on_screen,0.3022936218313471,-6.984995007764411,8.23783744096723,False,False,0,0.0
1789803363866,34,1536,766.1982302997569,1090.6704816064134,791.5126943935754,1082.8214492238865,1,0,sidebar,0.3618851865196153,398,0,0.6,0.0,31.663433474478914,30.096429901925838,0.15589999384246767,0.3433000238146633,13.793100020848215,1.6076000174507499,15.760600013891235,0,True,on_screen,0.3022936218313471,-7.017753573542649,8.096947231692399,False,False,0,0.0
1789803363898,35,1537,683.252409515057,1108.1346845855855,715.7304949786126,1100.540713977076,1,0,sidebar,0.4532314763713856,430,0,0.6,0.0,31.60323968182731,30.098006629194433,0.13770000077784061,0.3381999849807471,12.137600017013028,1.6278999974019825,14.117400016402826,0,True,on_screen,0.3022936218313471,-7.092868640555793,7.93116004923672,False,False,0,0.0
1789803363951,36,1538,631.209818439068,1180.6531873051424,656.5660214009315,1156.6194453067224,1,0,sidebar,0.4496933676716842,483,0,0.6,0.0,30.348272815261385,30.086404632940702,0.2353000163566321,0.46740000834688544,13.029399997321889,1.052199979312718,14.563899982022122,0,True,on_screen,0.3022936218313471,-7.190125733179315,7.896847399142449,False,False,0,0.0
1789803363978,37,1539,643.8700158020287,1225.2492127052412,648.7839955824817,1198.6861108929154,2,0,terminal,0.38985353845416515,0,1,0.8,0.0,31.012805916883547,30.090930627725005,0.14159997226670384,0.25729998014867306,11.739700014004484,1.0673999786376953,13.075500028207898,0,True,on_screen,0.3022936218313471,-7.229767698549438,7.841268455001572,False,False,0,0.0
1789803364012,38,1540,709.6141216123208,1291.543912589938,691.3650838033691,1263.6865720808312,2,0,terminal,0.43988354255634443,34,1,0.8,0.0,30.819947824273225,30.083330943934623,0.23030000738799572,0.6655000033788383,22.42419999674894,1.7436999769415706,24.854599992977455,0,True,on_screen,0.3022936218313471,-7.266224556315706,7.819032874022133,False,False,0,0.0
1789803364044,39,1541,771.5638910030433,1346.4758343159037,747.5042488431411,1321.639055645382,2,0,terminal,0.43199335116414683,65,1,0.8,0.0,30.934618282068925,30.087364490892075,0.22899999748915434,0.7600999961141497,17.928300017956644,1.2365000147838145,19.945100008044392,0,True,on_screen,0.3022936218313471,-7.299854071762724,7.750582698562361,False,False,0,0.0
1789803364074,40,1542,790.0590629623321,1384.0131966257518,775.662138777532,1362.9111004852016,2,0,terminal,0.4242481258485573,95,1,0.8,0.0,31.105375391093663,30.09263637559003,0.1168999879155308,0.29620001441799104,11.964300007093698,1.2645999959204346,13.567999994847924,0,True,on_screen,0.3022936218313471,-7.3823139953574355,7.681171271883545,False,False,0,0.0
1789803364106,41,1543,871.5943040321151,1474.0011004168466,842.8146544557402,1440.674100437353,2,0,terminal,0.35051630068452444,128,1,0.8,0.0,31.139333725495735,30.093642815476077,0.135600013891235,0.3195999888703227,11.93290000082925,1.0060000058729202,13.2826000044588,0,True,on_screen,0.3022936218313471,-7.58738244012531,7.4790324740879175,False,False,0,0.0
1789803364140,42,1544,927.2622060170994,1462.4987234969644,901.9279405486916,1455.951336579081,2,0,terminal,0.2505443678346515,162,1,0.8,0.0,30.989935619118288,30.09203113707305,0.2841999812517315,0.7462999783456326,13.548799994168803,1.208100002259016,15.528200019616634,0,True,on_screen,0.3022936218313471,-7.628876855130045,7.167439925037393,False,False,0,0.0
1789803364172,43,1545,928.0720618497121,1490.646611422256,912.0767908653722,1469.4196473716006,2,0,terminal,0.2347564274990318,194,1,0.8,0.0,30.968622717207456,30.092995243764083,0.12959999730810523,0.31010000384412706,13.267600006656721,1.0257000103592873,14.62210001773201,0,True,on_screen,0.3022936218313471,-7.750611024584174,6.888688217065266,False,False,0,0.0
1789803364202,44,1546,975.366578541645,1529.0736513496083,956.3796422387632,1511.177450156206,2,0,terminal,0.15816601779565365,223,1,0.8,0.0,31.22202377521564,30.091450682527213,0.13149998267181218,0.302100001135841,19.326900015585124,0.9930000232998282,20.641000010073185,0,True,on_screen,0.3022936218313471,-7.745991399640872,6.927634673324521,False,False,0,0.0
1789803364234,45,1547,1273.7322967801072,1551.9152853860774,1178.526500417704,1539.6939348171159,2,1,terminal,0.5327718751882534,256,1,0.8,0.0,31.208365540598273,30.096442932729236,0.13860000763088465,0.3015999973285943,11.489199998322874,1.3528999988920987,13.176099979318678,0,True,on_screen,0.3022936218313471,-7.769614235528763,6.8923861502817925,False,False,0,0.0
1789803364267,46,1548,1286.746793672877,1530.4554269979606,1254.280705696325,1533.2269793437072,2,1,terminal,0.6666868525168104,289,1,0.8,0.0,31.196807697312508,30.095967524913863,0.15259999781847,0.3302000113762915,13.392599998041987,1.3146999990567565,15.053600014653057,0,True,on_screen,0.3022936218313471,-7.761378013931761,6.916234877947264,False,False,0,0.0
1789803364298,47,1549,1338.539597344983,1494.84038785794,1313.2619298503855,1506.3563653036701,2,1,terminal,0.775815099629648,320,1,0.8,0.0,31.2044919977213,30.097263747581188,0.12379998224787414,0.3732000186573714,12.191899993922561,1.5078999858815223,14.087999996263534,0,True,on_screen,0.3022936218313471,-7.74143267371187,6.871463361218966,False,False,0,0.0
1789803364331,48,1550,1314.436017596279,1484.5811273269953,1313.5010290758921,1501.9219075268502,2,1,terminal,0.7764931401581157,353,1,0.8,0.0,31.11522762655456,30.097407755326316,0.12250000145286322,0.26649999199435115,12.457599979825318,1.3390000094659626,14.076399995246902,0,True,on_screen,0.3022936218313471,-7.756050701214491,6.884901599256428,False,False,0,0.0
1789803364379,49,1551,1294.8615238790503,1496.0017906187518,1310.062835321021,1500.829898443638,2,1,terminal,0.7704401194626858,401,1,0.8,0.0,30.109180785335642,30.089794757050512,0.16000002506189048,0.5613999965135008,11.138500005472451,1.128100004279986,12.845199991716072,0,True,on_screen,0.3022936218313471,-7.78319900956285,6.675386790501534,False,False,0,0.0
1789803364411,50,1552,1341.9692633015773,1480.7505911034984,1320.8853539476215,1494.0190865962472,2,1,terminal,0.7892994398225962,433,1,0.8,0.0,30.258000071809768,30.090522100929125,0.1351999817416072,0.29749999521300197,11.54310000129044,1.3275999808683991,13.185600022552535,0,True,on_screen,0.3022936218313471,-7.814752188897813,6.557172261050031,False,False,0,0.0
1789803364442,51,1553,1461.0601065143808,1449.7713232034293,1419.007680744353,1463.0456522212746,2,1,terminal,0.9249157508674656,463,1,0.8,0.0,30.406319561933195,30.09115671244228,0.15880001592449844,0.3468999930191785,12.100899999495596,1.361000002361834,13.823999994201586,0,True,on_screen,0.3022936218313471,-7.853641781431094,6.367833206343298,False,False,0,0.0
1789803364475,52,1554,1425.0597184566864,1441.5172708631449,1420.2688604254927,1458.5593686871568,2,1,terminal,0.918913360855183,496,1,0.8,0.0,30.39307333659626,30.09089192075669,0.25630000163801014,0.36410000757314265,12.450899987015873,1.6382999892812222,14.479099976597354,0,True,on_screen,0.3022936218313471,-7.878893326746891,6.122667626719081,False,False,0,0.0
1789803364509,53,1555,1381.9645943689634,1423.0283434662201,1402.5233814300532,1442.098667917847,2,1,terminal,0.8781506784300506,531,1,0.8,0.0,30.331436453615453,30.090067796887688,0.30949999927543104,0.592800002777949,13.614099996630102,1.2675999896600842,15.54359999136068,0,True,on_screen,0.3022936218313471,-7.858357856684933,6.270872886228403,False,False,0,0.0
1789803364539,54,1556,1335.215442571735,1413.9450079977948,1359.4501541445702,1424.0819374515163,2,1,terminal,0.804451618673016,561,1,0.8,0.0,30.658756284714936,30.09212446692387,0.2429999876767397,0.5597000126726925,12.847499980125576,2.0594999950844795,15.485500014619902,0,True,on_screen,0.3022936218313471,-7.8482903141449185,6.35839696317187,False,False,0,0.0
1789803364571,55,1557,1311.1525264729073,1403.2647609700966,1336.9321693453846,1414.376266879924,2,1,terminal,0.7632776784509787,593,1,0.8,0.0,30.624433052798533,30.0932433055684,0.19809999503195286,0.6560999900102615,12.037100008456036,1.0970000002998859,13.808000017888844,0,True,on_screen,0.3022936218313471,-7.837896469261693,6.395948892547553,False,False,0,0.0
1789803364603,56,1558,1295.6885812036805,1399.5182441705142,1320.782757305864,1408.5584333295935,2,1,terminal,0.7345632819636068,625,1,0.8,0.0,30.75758238533019,30.094718296782624,0.1112000027205795,0.3015999973285943,11.827899987110868,1.0634000063873827,13.205800001742318,0,True,on_screen,0.3022936218313471,-7.823865265897638,6.4110819201390665,False,False,0,0.0
1789803364635,57,1559,1259.573730842447,1355.0319404015925,1277.9364387814721,1371.0898882799927,2,1,terminal,0.6341581682264088,657,1,0.8,0.0,30.833644165320013,30.094316650077104,0.1700000138953328,0.29409999842755497,14.14480002131313,0.9445000032428652,15.397699986351654,0,True,on_screen,0.3022936218313471,-7.8304815254659275,6.471684765988717,False,False,0,0.0
1789803364667,58,1560,1174.1638777805044,1353.551052283755,1205.2956460807948,1358.8127030826263,2,1,terminal,0.5161149134070693,689,1,0.8,0.0,30.844061557554074,30.0958111724088,0.1503999810665846,0.3968999953940511,12.346600007731467,0.9687999845482409,13.729600002989173,0,True,on_screen,0.3022936218313471,-7.832311863296724,6.4655506933231885,False,False,0,0.0
1789803364699,59,1561,1057.0681379569046,1240.953946853902,1101.5363903940715,1276.3115737225191,2,1,terminal,0.2832612023975042,720,1,0.8,0.0,30.84952741817235,30.096804878662184,0.11640001321211457,0.2841999812517315,11.584099993342534,0.9764000133145601,12.880499998573214,0,True,on_screen,0.3022936218313471,-7.797310820910468,6.577367873777988,False,False,0,0.0
1789803364733,60,1562,839.3490468556768,1242.870673204666,918.0052499171952,1252.902943360022,2,0,terminal,0.1115501261258981,755,1,0.8,0.0,30.70125974601514,30.09462012522461,0.17980000120587647,1.9818000146187842,12.86930000060238,0.9554999996908009,15.822299988940358,0,True,on_screen,0.3022936218313471,-7.788614423229404,6.615777498115726,False,False,0,0.0
1789803364763,61,1563,774.6871455252113,1169.479452550782,817.6825768428065,1194.506499793554,2,0,terminal,0.19552631683654742,785,1,0.8,0.0001263829367518718,30.998284521690007,30.097674753396703,0.23220002185553312,0.4932000010740012,12.48099998338148,1.0927999974228442,14.081299974350259,0,True,on_screen,0.3022936218313471,-7.772876792501535,6.6788268137122895,False,False,0,0.0
1789803364813,62,1564,646.5502074556944,1067.7279405552085,697.889918271828,1105.7615083267121,1,0,sidebar,0.47054955471562654,0,1,1.0,0.00018642246835878784,29.91182889214639,30.089076286291384,0.1621000119484961,0.4935000033583492,11.04829998803325,0.9240999934263527,12.487900006817654,0,True,on_screen,0.3022936218313471,-7.762869958791697,6.799154691846327,False,False,0,0.0
1789803364843,63,1565,523.4319861696989,1000.6652954378752,575.7693658003377,1032.1941593045262,1,0,sidebar,0.711611156974451,29,1,1.0,0.00016559636683136092,30.24844409871593,30.087743164717022,0.1514999894425273,0.35409998963586986,16.34639999247156,1.2627999822143465,17.97759998589754,0,True,on_screen,0.3022936218313471,-7.7392497166580085,6.829994888770912,False,False,0,0.0
1789803364874,64,1566,465.0630420884881,967.7647208419723,498.27493920204296,987.0935523807385,1,0,sidebar,0.8427842490378015,61,1,1.0,0.00018031464624425862,30.404321968575186,30.08897974189367,0.1109000004362315,0.3708000003825873,14.505600003758445,2.7432000206317753,17.63580000260845,0,True,on_screen,0.3022936218313471,-7.732822508364563,6.797001718575556,False,False,0,0.0
1789803364906,65,1567,478.7047703660808,950.9788148874667,491.07303716177023,973.8031815200254,1,0,sidebar,0.8681552932449501,92,1,1.0,0.0001753785130521636,30.474464481359714,30.090702113428417,0.14479999663308263,0.3276999923400581,14.371199999004602,1.0279999987687916,15.74050000635907,0,True,on_screen,0.3022936218313471,-7.63182515891566,6.810421747792169,False,False,0,0.0
1789803364939,66,1568,492.3811280996221,931.7505330187163,491.5655398102351,957.9701532782204,1,0,sidebar,0.8955679353635697,125,1,1.0,0.0002183747787436307,30.499252407793158,30.090629675825063,0.16880000475794077,0.4214000073261559,14.887999976053834,1.2231000000610948,16.549099993426353,0,True,on_screen,0.3022936218313471,-7.575687040850596,7.04574398562692,False,False,0,0.0
1789803364973,67,1569,538.626284378409,950.2574855997261,511.53823456155385,954.6968783082978,1,0,sidebar,0.8884563994159708,160,1,1.0,0.00024626286354944085,30.359899822130885,30.091663349196114,0.14119999832473695,0.3074000123888254,12.262100004591048,1.0489999840501696,13.633399998070672,0,True,on_screen,0.3022936218313471,-7.552319944210211,7.32292028748843,False,False,0,0.0
1789803365004,68,1570,617.3076731903058,976.8136613015249,585.5768416016801,970.1786264035568,1,0,sidebar,0.7760340094142316,190,1,1.0,0.0002604540604245059,30.611091147188727,30.091459752772828,0.24269998539239168,0.4254000086802989,14.888400008203462,1.4641000016126782,16.797299991594627,0,True,on_screen,0.3022936218313471,-7.51549137337156,7.418830991253208,False,False,0,0.0
1789803365035,69,1571,626.3972483806347,979.6932054414888,600.8907744747376,973.748057386724,1,0,sidebar,0.7498230631038585,222,1,1.0,0.0002631453876866634,30.76485790560699,30.093692199493365,0.18740000086836517,0.3516999713610858,13.515500002540648,1.1694999993778765,15.050999994855374,0,True,on_screen,0.3022936218313471,-7.533376733236764,7.320757500487985,False,False,0,0.0
1789803365067,70,1572,365.03433260060086,941.5105307750051,435.7912651628419,951.1817887585208,1,0,sidebar,0.8805183409774892,253,1,1.0,0.00024147627564592537,30.82138086917982,30.095399832945017,0.1548999862279743,0.3912000101990998,11.636899987934157,1.3537999766413122,13.398400013102219,0,True,on_screen,0.3022936218313471,-7.596952857570017,7.025033805324657,False,False,0,0.0
1789803365100,71,1573,359.8602719212333,945.567406152727,385.140602919625,947.4366487974855,1,0,sidebar,0.8126292300226343,286,1,1.0,0.00019273033808302198,30.720979642733486,30.095276249276704,0.21680002100765705,0.34970001433975995,11.93129998864606,1.0048999974969774,13.302899984410033,0,True,on_screen,0.3022936218313471,-7.6118382736190995,6.9153094890852485,False,False,0,0.0
1789803365131,72,1574,247.15866027770667,923.7750491901866,288.5532430702822,930.8735290723762,1,0,sidebar,0.6574083702570337,318,1,1.0,0.0001851742624703872,30.925206953495675,30.093835504362055,0.16639998648315668,0.37510000402107835,16.81790000293404,1.3037999742664397,18.51290001650341,0,True,on_screen,0.3022936218313471,-7.747781893638063,6.821792313419363,False,False,0,0.0
1789803365163,73,1575,120.20256292941124,933.0615185153576,170.70776697167253,932.4051216824632,1,0,sidebar,0.45059396127286777,350,1,1.0,0.0001877449132584169,30.958584954541628,30.09722682680733,0.1252999936696142,0.29090000316500664,12.026400014292449,1.5248999989125878,13.854699995135888,0,True,on_screen,0.3022936218313471,-7.82733103373144,6.582174058418688,False,False,0,0.0
1789803365195,74,1576,99.08760414155624,930.7886682445402,125.68156805944622,931.388888946426,1,0,sidebar,0.3715871865950613,381,1,1.0,0.00017950101998183768,30.983503655874415,30.098600973303128,0.10480001219548285,0.41290000081062317,11.193800019100308,1.025900011882186,12.645699986023828,0,True,on_screen,0.3022936218313471,-7.853978029197492,6.438970700936413,False,False,0,0.0
1789803365245,75,1577,96.85039130426678,932.6530105718855,118.076010303611,931.7223595541114,1,0,sidebar,0.3581508785753199,431,1,1.0,0.00018559434527685645,29.87217801878347,30.08833622613565,0.2057999954558909,0.36570001975633204,11.986800003796816,1.048400008585304,13.417999987723306,0,True,on_screen,0.3022936218313471,-7.903318369485675,6.387220615443675,False,False,0,0.0
1789803365274,76,1578,66.03012999760719,926.0108263453454,93.91460247205806,929.0708781613655,1,0,sidebar,0.3159863390754507,460,1,1.0,0.00021783977583362396,30.337843895473007,30.089580456526658,0.14159997226670384,0.371600006474182,13.954099995316938,1.1830000148620456,15.523500012932345,0,True,on_screen,0.3022936218313471,-7.85506629759908,6.283514520984713,False,False,0,0.0
1789803365306,77,1579,75.29217475615337,926.4095854243261,90.59796359820976,928.5969041403082,1,0,sidebar,0.31020518873451475,493,1,1.0,0.00023267561152640753,30.382318072520913,30.090827113029214,0.09759998647496104,0.35519999801181257,12.220899981912225,1.5079000149853528,14.09750001039356,0,True,on_screen,0.3022936218313471,-7.836335239387694,6.175581757155508,False,False,0,0.0
1789803365338,78,1580,58.32989760977973,912.932553564331,80.15633079472312,923.5280724080908,1,0,sidebar,0.2923890442814857,525,1,1.0,0.0002461775196173806,30.49033326544231,30.092305614393393,0.09889999637380242,0.3467999922577292,11.304299987386912,1.2818000104743987,12.966700014658272,0,True,on_screen,0.3022936218313471,-7.883703162843318,5.980936813935991,False,False,0,0.0
1789803365370,79,1581,35.959670022537495,913.3744249231939,62.281484158177456,919.4215429005878,1,0,sidebar,0.26123488752942237,556,1,1.0,0.0002734519189366985,30.556923856981843,30.09228092014622,0.11640001321211457,0.29769999673590064,11.985399993136525,1.8471000075805932,14.14489999297075,0,True,on_screen,0.3022936218313471,-8.000655593981548,5.656380933463705,False,False,0,0.0
1789803365403,80,1582,151.41185146574648,912.4743182223215,124.67274127347576,914.5584856258013,1,0,sidebar,0.37172975336866854,590,1,1.0,0.00030057242789666497,30.604210021400004,30.091767145504686,0.159099989105016,0.37330001941882074,13.762500020675361,1.8925000040326267,16.046600008849055,0,True,on_screen,0.3022936218313471,-8.03823542348286,5.852148626998852,False,False,0,0.0
1789803365435,81,1583,174.7855819978032,931.1549622846514,148.12109722972465,922.3241617816808,1,0,sidebar,0.412356813997552,621,1,1.0,0.0003168144721407348,30.657482418332883,30.091348475760892,0.13470000703819096,0.44720000005327165,16.30799999111332,1.1240000021643937,17.89339998504147,0,True,on_screen,0.3022936218313471,-8.009524073238111,5.745271779252405,False,False,0,0.0
1789803365467,82,1584,182.06034638253607,891.8061688888212,161.93264482009639,909.9048914170198,1,0,sidebar,0.4378097348666178,654,1,1.0,0.00032957786224674726,30.695646968677543,30.092189074016737,0.23269999655894935,0.5442000110633671,15.800499997567385,1.0760999866761267,17.43819998227991,0,True,on_screen,0.3022936218313471,-8.019056451722804,5.722809023172461,False,False,0,0.0
1789803365499,83,1585,199.18832129077288,879.638487120338,177.84314476577458,896.9792470713252,1,0,sidebar,0.4661639479756087,686,1,1.0,0.00034831788015711115,30.76663783679145,30.092856054509337,0.21890000789426267,0.38869999116286635,16.143999993801117,1.11119999201037,17.660099983913824,0,True,on_screen,0.3022936218313471,-8.01392817178214,5.549993483791244,False,False,0,0.0
1789803365531,84,1586,442.51575077495465,912.8083581603755,363.1139689722006,908.0596248336605,1,0,sidebar,0.7930114428225403,717,1,1.0,0.0003556084694719269,30.814593239454528,30.095306846209663,0.2659000165294856,0.38070001755841076,12.768699991283938,1.4276999863795936,14.594999986002222,0,True,on_screen,0.3022936218313471,-7.896438501144047,5.548251225515656,False,False,0,0.0
1789803365563,85,1587,439.6176666837951,920.3744117577393,415.02773328628746,916.4161744525416,1,0,sidebar,0.8816087045793494,750,1,1.0,0.0003514269922958585,30.866554985422024,30.091621935176086,0.22479999461211264,0.4241999995429069,19.90849999128841,2.0152999786660075,22.36649999395013,0,True,on_screen,0.3022936218313471,-7.850345396212077,5.521468103613774,False,False,0,0.0
1789803365595,86,1588,379.49232992508786,917.7542225391403,403.6223634981877,916.8456316073343,1,0,sidebar,0.8618234648187428,782,1,1.0,0.00034047775980944675,30.86963784846887,30.09716315701762,0.1303000026382506,0.371300004189834,12.139900005422533,0.9920999873429537,13.51660001091659,0,True,on_screen,0.3022936218313471,-7.8847058704016035,5.332259882638774,False,False,0,0.0
1789803365644,87,1589,342.3577591852386,901.1883855664626,369.4983867722683,908.1246498025473,1,0,sidebar,0.8042539124909261,831,1,1.0,0.0003339509546254598,29.843076831031656,30.085304257945612,0.22349998471327126,0.6133999850135297,16.9776999973692,1.4073000056669116,19.0193000016734,0,True,on_screen,0.3022936218313471,-7.879624750899751,5.263274670623575,False,False,0,0.0
1789803365675,88,1590,395.11571510837075,906.8499762913107,375.5547874925577,907.8232938816527,1,0,sidebar,0.8149635934961822,861,1,1.0,0.00033576831822721906,30.023546442563067,30.086409815232404,0.14570000348612666,0.5534999945666641,16.662700014421716,1.4845000114291906,18.718200008152053,0,True,on_screen,0.3022936218313471,-7.853021455191396,5.3388206461603795,False,False,0,0.0
1789803365707,89,1591,396.62229854996207,904.0440088901727,379.77269185807916,907.0666471842484,1,0,sidebar,0.8224925420514742,894,1,1.0,0.00033189324510092197,30.16642943571741,30.088649748112935,0.2829000004567206,0.3988000098615885,14.638499997090548,1.1728000245057046,16.22479999787174,0,True,on_screen,0.3022936218313471,-7.8686007695677915,5.339191022729823,False,False,0,0.0
1789803365738,90,1592,406.2410542306351,862.2174311697792,391.99668828196576,886.3537429078796,1,0,sidebar,0.8426697136756582,924,1,1.0,0.0003298534389714787,30.32520620533315,30.091259114873395,0.1514999894425273,0.3532000118866563,11.915299983229488,1.0946000111289322,13.379900017753243,0,True,on_screen,0.3022936218313471,-7.856918567554402,5.350998139444827,False,False,0,0.0
1789803365771,91,1593,395.7855743093351,840.5520085386072,393.548780134768,867.5913683615761,1,0,sidebar,0.8368906525022508,957,1,1.0,0.0003299884109722283,30.409824549017056,30.091764183174412,0.16989998403005302,0.42379999649710953,12.2335999913048,0.9695000189822167,13.642900012200698,0,True,on_screen,0.3022936218313471,-7.862876800757732,5.301690478786784,False,False,0,0.0
1789803365804,92,1594,388.6199540049439,828.9208816567916,391.82294222145845,854.0508233467264,1,0,sidebar,0.8243389482594163,990,1,1.0,0.0003149541561125839,30.34273134741231,30.090171484946453,0.18749997252598405,0.7027999963611364,13.98790001985617,1.341299997875467,16.052600025432184,0,True,on_screen,0.3022936218313471,-7.8681248050586134,5.308879114667898,False,False,0,0.0
1789803365834,93,1595,424.2471258274071,823.5754751146435,404.70147341885973,841.9463482509666,1,0,sidebar,0.8320267080756514,1021,1,1.0,0.00030857167677946287,30.6615299592273,30.09265023262209,0.1097000204026699,0.3226999833714217,13.037700002314523,1.6969999996945262,15.098200005013496,0,True,on_screen,0.3022936218313471,-7.851209668618623,5.401581568843973,False,False,0,0.0
1789803365866,94,1596,482.54287881410727,824.3155691774994,459.0663575348973,829.6329109955926,1,0,sidebar,0.8703006381084881,1052,1,1.0,0.00030691368265803494,30.67633847006303,30.09458541520038,0.15470001380890608,0.3192000149283558,11.130099999718368,0.9949000086635351,12.459199992008507,0,True,on_screen,0.3022936218313471,-7.836738184666814,5.5233210026313895,False,False,0,0.0
1789803365898,95,1597,482.9336443402219,829.3164387478156,464.346729120599,829.562895032804,1,0,sidebar,0.872525606040155,1085,1,1.0,0.0003143577986262566,30.731938044267785,30.092925484110733,0.23360000341199338,0.512800004798919,14.675099984742701,1.3889999827370048,16.59680000739172,0,True,on_screen,0.3022936218313471,-7.815557925635517,5.476840212230589,False,False,0,0.0
1789803365931,96,1598,410.93692585671926,790.8391093459785,433.350954775614,807.0899846383909,1,0,sidebar,0.8163315594574976,1118,1,1.0,0.0003040579326028872,30.687010074025064,30.09530427657013,0.16289998893626034,0.3349000180605799,11.240399995585904,1.015400019241497,12.607600016053766,0,True,on_screen,0.3022936218313471,-7.821281234910657,5.487671749469945,False,False,0,0.0
1789803365965,97,1599,429.49493078860894,791.6911059991355,432.76080663730846,804.7332514874624,1,0,sidebar,0.8121405255180103,1151,1,1.0,0.0003039952591502495,30.64173151902941,30.09354932687628,0.2313000150024891,0.49180001951754093,13.825400004861876,1.4850999868940562,15.858700004173443,0,True,on_screen,0.3022936218313471,-7.864963095360849,5.356958647396083,False,False,0,0.0
1789803365995,98,1600,427.90187642082464,790.7367807610993,432.0610340636524,802.717510181061,1,0,sidebar,0.8084002943835333,1181,1,1.0,0.0003014655795500025,30.8502701708821,30.095979369962333,0.1886999816633761,0.2742999931797385,12.670099997194484,1.281900011235848,14.239900017855689,0,True,on_screen,0.3022936218313471,-7.862971997559015,5.396291154328925,False,False,0,0.0
1789803366026,99,1601,367.1831138735033,802.078721357468,395.0128625555243,802.3527334153357,1,0,sidebar,0.7713020475804498,1213,1,1.0,0.0002956273781328008,30.953205408697702,30.095551062471344,0.17600000137463212,0.3147000097669661,14.088399999309331,2.4400999827776104,16.855900001246482,0,True,on_screen,0.3022936218313471,-7.888441054035582,5.447666496744627,False,False,0,0.0
1789803366075,100,1602,393.9221861949732,837.8617271438827,394.66312548356746,813.7390730701914,1,0,sidebar,0.7856335753798143,1262,1,1.0,0.0002263705804922793,29.906481681100544,30.087974137435776,0.15010000788606703,0.3520999744068831,13.407999998889863,0.891500007128343,14.674100006232038,0,True,on_screen,0.3022936218313471,-8.011994086117681,5.309159234758657,False,False,0,0.0
1789803366107,101,1603,954.2073554189116,1362.3752374212331,786.3440864383083,1197.7843881159206,2,0,terminal,0.2397578754784938,0,2,1.2,-8.862805061883236e-05,30.05115066692935,30.087533908278093,0.30819998937658966,0.45930000487715006,14.964700007112697,1.3324999890755862,16.795100003946573,0,True,on_screen,0.3022936218313471,-8.224026588856901,5.046913273134105,False,False,0,0.0
1789803366138,102,1604,1414.4026183278143,1888.7560063396907,1225.9850587609624,1681.4645208725597,2,1,terminal,0.5042887825160933,30,2,1.2,-0.0002858521877088342,30.24102585308009,30.086672105650138,0.18640002235770226,0.5352999723982066,18.257100018672645,1.4458000077866018,20.25959998718463,0,True,on_screen,0.3022936218313471,-8.562293083308958,4.7138490837113975,False,False,0,0.0
1789803366172,103,1605,1632.385178136343,1923.9691621085726,1510.4651423237287,1851.2177697377685,-1,-1,off_screen,0.0,0,1,1.4,-0.0002647284302621025,30.2436859031127,30.087151285980063,0.221800000872463,0.6570999976247549,17.623299994738773,1.3075000024400651,19.60889998008497,0,True,gaze_outside_screen,0.3022936218313471,-8.579232293622624,5.025370258389012,False,False,0,0.0
1789803366203,104,1606,1588.1308354649032,1850.7382958993724,1563.2857634644424,1850.8916784490605,-1,-1,off_screen,0.0,31,1,1.4,-0.00022081937209119523,30.44009519732479,30.090470183784692,0.11519997497089207,0.31809997744858265,14.308400015579537,1.2710999872069806,15.90950001263991,0,True,gaze_outside_screen,0.3022936218313471,-8.559540432530326,5.331690586903137,False,False,0,0.0
1789803366235,105,1607,1513.6342497732942,1797.733957670407,1531.6045672389273,1816.9732727914723,-1,-1,off_screen,0.0,62,1,1.4,-0.00020024288524697793,30.509604576379555,30.093285646217563,0.14139999984763563,0.291600008495152,10.819199989782646,0.9037999843712896,12.028299999656156,0,True,gaze_outside_screen,0.3022936218313471,-8.548102254056971,5.399526111018081,False,False,0,0.0
1789803366266,106,1608,1416.7505008341918,1751.4312189702896,1451.2067207556124,1771.0938351166442,2,1,terminal,0.520659466397183,0,3,1.6,-0.0001650537363449625,30.67794965024236,30.09251652263563,0.11789999553002417,0.28509998810477555,14.147100009722635,1.1142999865114689,15.561000007437542,0,True,on_screen,0.3022936218313471,-8.54455819706132,5.403727639285374,False,False,0,0.0
1789803366298,107,1609,1487.5568503712593,1695.8061821841336,1476.6518114865653,1718.3924780638868,2,1,terminal,0.6087783237083968,32,3,1.6,-0.00016304633756608448,30.739623957761847,30.094667987213118,0.11560000712051988,0.27940000290982425,11.399300012271851,1.325500023085624,13.015400007134303,0,True,on_screen,0.3022936218313471,-8.568042445391,5.331320913183365,False,False,0,0.0
1789803366331,108,1610,1348.410043934555,1504.5098571169858,1386.8825742001582,1568.674643401056,2,1,terminal,0.8466187628784128,65,3,1.6,-0.00011195039365114248,30.646402990539684,30.09446703672367,0.23030000738799572,0.6152999994810671,11.430100013967603,0.9895000257529318,13.052299997070804,0,True,on_screen,0.3022936218313471,-8.464636411658716,5.539602422041554,False,False,0,0.0
1789803366362,109,1611,999.4400760982699,1153.247079511766,1115.6728255288363,1277.875348678553,2,1,terminal,0.3055250215386637,95,3,1.6,-2.0282102730037957e-05,30.817390840240368,30.096316001500185,0.1094000181183219,0.2640000020619482,10.79489997937344,1.0012999991886318,12.086200003977865,0,True,on_screen,0.3022936218313471,-8.320565964032653,5.607069355641258,False,False,0,0.0
1789803366396,110,1612,907.1354947895007,933.5101025125788,969.6966940113014,1036.8196763623712,1,0,sidebar,0.1017382649186791,0,2,1.8,8.082599877325125e-05,30.71689081892915,30.094866561788763,0.13160001253709197,0.4379000165499747,12.88089997251518,0.9942000033333898,14.34940000763163,0,True,on_screen,0.3022936218313471,-8.091858595263034,5.758334099123762,False,False,0,0.0
1789803366428,111,1613,854.4146691004178,894.1961608916906,888.9992765736829,936.9832155328947,1,0,sidebar,0.27448806986755314,32,2,1.8,0.0001431287661629553,30.7172756649017,30.095717180171583,0.29830000130459666,0.3870000073220581,12.158199999248609,0.9428999910596758,13.511400000425056,0,True,on_screen,0.3022936218313471,-8.070929960271656,5.609458722829112,False,False,0,0.0
1789803366460,112,1614,891.5071696016867,881.1100858448075,890.2399107311577,909.3432355169857,1,0,sidebar,0.27505633176219546,64,2,1.8,0.0001742035656806338,30.843716185696167,30.095458935918828,0.2463000128045678,0.8024999988265336,13.480299996444955,1.6255999798886478,15.931300004012883,0,True,on_screen,0.3022936218313471,-8.159917635548965,5.357798994823203,False,False,0,0.0
1789803366507,113,1615,1032.7484103313163,840.7816207296196,989.9958604512688,861.3501051658295,1,0,sidebar,0.09642547816754388,111,2,1.8,9.694207532349661e-05,29.880086912022712,30.08785031906295,0.1289999927394092,0.30780001543462276,13.387199986027554,1.866400009021163,15.576500009046867,0,True,on_screen,0.3022936218313471,-8.305079313214264,5.156927352668366,False,False,0,0.0
1789803366539,114,1616,1065.8136395980116,833.1092132136421,1043.0683058539887,841.5814807992983,1,1,main_file,0.2912014235464343,0,0,2.0,7.981916756213785e-05,29.993007258563146,30.089644741685564,0.156299996888265,0.44600002001971006,11.820799991255626,1.0768999927677214,13.360099983401597,0,True,on_screen,0.3022936218313471,-8.313131896841469,5.61248813811426,False,False,0,0.0
1789803366570,115,1617,1153.7003693177337,799.7336323761532,1120.5107502786102,812.2879869030967,1,1,main_file,0.4146856059744831,30,0,2.0,5.530670557522474e-05,30.1900345928395,30.0909057987876,0.14620000729337335,0.3334999782964587,11.623800004599616,1.083899987861514,13.056499999947846,0,True,on_screen,0.3022936218313471,-8.137636141618316,5.840147309068052,False,False,0,0.0
1789803366602,116,1618,1195.6298064057235,851.0849972863746,1173.0940895675894,839.4458941713912,1,1,main_file,0.5164840692440346,62,0,2.0,-7.390723349338241e-06,30.31130069281928,30.092028341227877,0.16690001939423382,0.30759998480789363,11.029499990399927,1.0822000040207058,12.438799982191995,0,True,on_screen,0.3022936218313471,-8.074358497296913,5.862458703986569,False,False,0,0.0
1789803366634,117,1619,1474.5036678407807,842.2277975407317,1384.0807943588234,841.3932265299295,1,1,main_file,0.8568925277472106,95,0,2.0,-6.385449911750288e-05,30.419592342733484,30.092411416329462,0.11409999569877982,0.2895000216085464,11.39339999645017,1.435499987564981,13.132299995049834,0,True,on_screen,0.3022936218313471,-7.853544603449677,6.340927254366407,False,False,0,0.0
1789803366670,118,1620,1531.5430018730015,868.8158418839494,1487.304339618748,860.5890572777434,1,1,main_file,0.8912257180089521,131,0,2.0,-0.0001492379612737741,30.18530479178382,30.089758976903628,0.17749998369254172,0.3564999788068235,14.089700009208173,1.0303999879397452,15.491900005144998,0,True,on_screen,0.3022936218313471,-7.8591882725457936,5.871127741746268,False,False,0,0.0
1789803366698,119,1621,1554.1776607213762,801.7225040272305,1534.1156643905877,819.3824700023845,1,1,main_file,0.7810695586255334,158,0,2.0,-0.00016259954633274058,30.67924357611861,30.09267265958453,0.1264000020455569,0.3699999942909926,13.219599990407005,1.436999998986721,15.03979999688454,0,True,on_screen,0.3022936218313471,-7.793966542673104,5.9003365328721875,False,False,0,0.0
1789803366731,120,1622,1472.4889724683537,739.3606001595351,1490.976980045024,763.3671611123899,1,1,main_file,0.742362692166613,191,0,2.0,-0.00018117871243070183,30.639851016828626,30.092487348944502,0.13930001296103,0.28199999360367656,13.842799991834909,1.4448000001721084,15.583300002617761,0,True,on_screen,0.3022936218313471,-7.703516351615093,5.2235095489725,False,False,0,0.0
1789803366763,121,1623,1655.1974083075295,769.4767263588394,1605.9312798287779,767.6438567849045,1,1,main_file,0.6250204405388143,223,0,2.0,-0.0002915986545180705,30.66403944561857,30.093706406030872,0.2708999963942915,0.4921999934595078,12.590300000738353,1.145399990491569,14.247899991460145,0,True,on_screen,0.3022936218313471,-7.998298249614493,5.958055648149907,False,False,0,0.0
1789803366794,122,1624,1692.604552469074,872.9898972214056,1666.6025706769851,841.3860850904553,1,1,main_file,0.5864939497230908,254,0,2.0,-0.00029555082110251617,30.81915006573341,30.09514351685537,0.13879998004995286,0.2829000004567206,12.219699972774833,1.3411999971140176,13.85890002711676,0,True,on_screen,0.3022936218313471,-8.051253864896466,5.6172764801893,False,False,0,0.0
1789803366829,123,1625,2080.7042089671095,969.7924297670379,1956.473717480072,931.270526364063,1,2,second_file,0.21449339425524838,0,0,2.2,-0.0003681638076546232,30.612847563889407,30.091604417739408,0.2607000060379505,0.5705000075977296,16.81169998482801,1.2526999926194549,18.66210001753643,0,True,on_screen,0.3022936218313471,-8.340774296892704,4.270399638346503,False,False,0,0.0
1789803366858,124,1626,2031.4550884710395,962.3333426654923,2008.9606771737494,953.0144977750635,1,2,second_file,0.3028453383532539,29,0,2.2,-0.0005288702592324557,30.997865959247733,30.097305867070055,0.10909998673014343,0.26270002126693726,11.016699980245903,1.3494000013452023,12.641300010727718,0,True,on_screen,0.3022936218313471,-8.147579818904092,3.9426172335780936,False,False,0,0.0
1789803366891,125,1627,2084.1143114326414,1147.043358051209,2061.568221154974,1088.8346999683654,1,2,second_file,0.3153305908040458,62,0,2.2,-0.0007613866676380952,30.987302299672095,30.095609830951048,0.1066999975591898,0.31820000731386244,15.173799998592585,1.0371000098530203,16.542800003662705,0,True,on_screen,0.3022936218313471,-7.975888062287908,3.584690998731194,False,False,0,0.0
1789803366939,126,1628,2069.2486846281263,1289.144449908108,2066.9445455861805,1229.0515249261853,2,2,terminal,0.24148814329282886,0,4,2.4,-0.0009446954526118323,29.95396232465168,30.089022995083166,0.43330001062713563,0.33000000985339284,11.525800015078858,1.3240999833215028,13.19530000910163,0,True,on_screen,0.3022936218313471,-8.266227943472643,3.247230450300912,False,False,0,0.0
1789803366973,127,1629,2167.335738334317,1417.3830510863183,2137.2183805098757,1360.8835932382783,2,2,terminal,0.4747108454212514,34,4,2.4,-0.0009900850586359658,29.878461675925365,30.08729315573149,0.3191000141669065,0.74230000609532,13.580600003479049,0.9406000026501715,15.29449998633936,0,True,on_screen,0.3022936218313471,-8.462964395556043,2.233939213205722,False,False,0,0.0
1789803367003,128,1630,2292.374636172597,1462.6640934085963,2245.8277594737806,1432.129943357501,2,2,terminal,0.7024054806748496,64,4,2.4,-0.0009765157415322946,30.276681171834035,30.08939009543652,0.1351000100839883,0.26619998971000314,13.580800005001947,1.3627000153064728,15.222899994114414,0,True,on_screen,0.3022936218313471,-8.579746181767064,1.814745615637443,False,False,0,0.0
1789803367034,129,1631,2129.1943100240946,1488.708340096333,2164.1843448590002,1471.7348210746834,2,2,terminal,0.5804112070759035,95,4,2.4,-0.0009164240397267036,30.46877466404727,30.089913347063405,0.11069999891333282,0.2874000056181103,13.72409999021329,2.431999979307875,16.45639998605475,0,True,on_screen,0.3022936218313471,-8.364758477835153,0.2859677479984071,False,False,0,0.0
1789803367066,130,1632,2174.1872446021307,1646.1019831747276,2171.1863746791914,1593.7918345447142,2,2,terminal,0.5631210191092075,127,4,2.4,-0.0008538170392922324,30.530895570750843,30.092590087099346,0.10269999620504677,0.3344999859109521,11.348600004566833,1.002399978460744,12.700899998890236,0,True,on_screen,0.3022936218313471,-8.12006268936014,0.1351735673665691,False,False,0,0.0
1789803367098,131,1633,2141.1686711497828,1590.9626935610593,2162.937057794558,1593.0143440060856,2,2,terminal,0.5501057595565183,159,4,2.4,-0.0008076175014675984,30.594109580203877,30.09289673537631,0.10569998994469643,0.2888999879360199,11.697100009769201,1.2892000086139888,13.289599999552593,0,True,on_screen,0.3022936218313471,-7.861636811213742,0.01024786778006936,False,False,0,0.0
1789803367130,132,1634,2062.7817564824704,1503.911630032384,2092.8283468760965,1530.6424442244945,2,2,terminal,0.4546376896642784,191,4,2.4,-0.0007223148166448819,30.661897432887987,30.09425668534897,0.1689000055193901,0.28150001890026033,10.932899982435629,0.8606000046711415,12.088599993148819,0,True,on_screen,0.3022936218313471,-7.638400329181792,0.3230447281380089,False,False,0,0.0
1789803367162,133,1635,1942.5410210899279,1372.6153096518915,1987.6272188257785,1420.0234500236725,2,2,terminal,0.25790146563614025,223,4,2.4,-0.0006775603761379218,30.747577379130163,30.09464090887943,0.14899999951012433,0.29180001001805067,11.660499993013218,0.9307999862357974,12.897100008558482,0,True,on_screen,0.3022936218313471,-7.4862707521998,0.29526673315812996,False,False,0,0.0
1789803367198,134,1636,1943.642454340627,1345.8070403264182,1956.8378836861725,1368.0719632355945,2,2,terminal,0.18312570815487894,259,4,2.4,-0.0007039525645929044,30.468560050590575,30.093037389217443,0.14570000348612666,0.35909999860450625,12.01589999254793,0.8609000069554895,13.253099983558059,0,True,on_screen,0.3022936218313471,-7.54593435849614,1.0804624727258565,False,False,0,0.0
1789803367227,135,1637,2068.678533591079,1324.2956201506483,2035.126338619607,1337.428523076132,2,2,terminal,0.2943020519531956,288,4,2.4,-0.0007078236432901449,30.87967414772254,30.095342025158466,0.13260002015158534,0.33480001729913056,11.940000025788322,1.1103000142611563,13.399399991612881,0,True,on_screen,0.3022936218313471,-7.452654600015848,1.8617046669958732,False,False,0,0.0
1789803367258,136,1638,2425.754724444345,1270.1576559881291,2308.5662086969237,1290.33891611453,2,2,terminal,0.5959092283773038,319,4,2.4,-0.000663180017033015,30.965453500774945,30.095377266464634,0.22360001457855105,0.3197000187356025,12.1625000028871,2.5557000190019608,15.05600000382401,0,True,on_screen,0.3022936218313471,-7.051111179492267,3.2201085968497476,False,False,0,0.0
1789803367290,137,1639,2598.537750314332,1233.9763888126713,2511.546287829109,1250.885147003229,2,2,terminal,0.5177922692390009,351,4,2.4,-0.0005926243606636968,30.96668642469252,30.097996155665864,0.09610000415705144,0.25939999613910913,10.070699994685128,0.9191999852191657,11.262400017585605,0,True,on_screen,0.3022936218313471,-7.0949096476571185,3.0964069480358036,False,False,0,0.0
1789803367338,138,1640,2593.7993789173297,1295.915996754872,2569.1234515908636,1282.406741829379,2,2,terminal,0.5131262052565925,399,4,2.4,-0.000547372542638324,29.95400670325108,30.087216566537375,0.11580000864341855,0.28020000900141895,14.442899991990998,1.2820999836549163,16.024599986849353,0,True,on_screen,0.3022936218313471,-6.866694755192327,4.07984622419643,False,False,0,0.0
1789803367371,139,1641,2295.9643735491086,1329.513327071283,2377.912096961635,1315.3813514987116,2,2,terminal,0.6715150313312555,432,4,2.4,-0.0005274093874281689,29.994778997187755,30.088974693375597,0.21009999909438193,0.27740001678466797,11.47650001803413,1.370299985865131,13.138699985574931,0,True,on_screen,0.3022936218313471,-6.425357458792803,4.494980378636149,False,False,0,0.0
1789803367403,140,1642,2071.6017991448766,1369.120609854578,2163.494888489904,1352.9988323478183,2,2,terminal,0.5080421700651884,464,4,2.4,-0.00046250283593363486,30.15840663633468,30.087221425686565,0.3868000057991594,1.2352000048849732,15.482299990253523,1.181300001917407,17.938500008312985,0,True,on_screen,0.3022936218313471,-6.270780048099795,5.156585373610804,False,False,0,0.0
1789803367435,141,1643,1880.7371742658129,1401.4780394273953,1965.5644885330403,1386.934277303522,2,2,terminal,0.20693141815667793,496,4,2.4,-0.0003254292170975018,30.233746525962903,30.088649163330576,0.1871999993454665,0.34020000020973384,13.184000010369346,2.6866999978665262,16.238900017924607,0,True,on_screen,0.3022936218313471,-6.350905750900154,5.4187976477485655,False,False,0,0.0
1789803367467,142,1644,1557.6438223755115,1310.9669648091683,1680.0200222227702,1333.7571585574744,2,1,terminal,0.4841879322278557,528,4,2.4,-0.00018129716326139265,30.400500338951947,30.09039258260694,0.1500000071246177,0.38330000825226307,13.499799999408424,1.0569000151008368,14.956500002881512,0,True,on_screen,0.3022936218313471,-6.155304410145902,6.447677464314364,False,False,0,0.0
1789803367499,143,1645,1450.7628660870744,1232.041537788703,1519.5400129277832,1262.5562240193344,2,1,terminal,0.5576063843841474,560,4,2.4,-0.00011937838923297556,30.452615376844797,30.091869141112053,0.12280000373721123,0.3716999781318009,11.810099997092038,0.9722000104375184,13.167299999622628,0,True,on_screen,0.3022936218313471,-6.0679231865478584,7.127750671203519,False,False,0,0.0
1789803367531,144,1646,1333.1249979455652,1114.7539515289461,1389.0495024402305,1159.0946332760627,1,1,main_file,0.5335006245745855,0,1,2.6,-0.00010841176602604044,30.536862286804432,30.090369808030434,0.1503000094089657,0.5201000021770597,14.690400013932958,1.9443000201135874,17.171199986478314,0,True,on_screen,0.3022936218313471,-6.205579399144511,6.87436102789412,False,False,0,0.0
1789803367563,145,1647,1009.7746859862207,1024.94235437625,1123.5571309224238,1065.188038046194,1,1,main_file,0.3693651581984001,32,1,2.6,-3.283664929733601e-05,30.61487986071564,30.092145273147867,0.09159999899566174,0.30529999639838934,13.31229999777861,1.6131999727804214,15.243499976349995,0,True,on_screen,0.3022936218313471,-6.244819930311849,7.178925192528414,False,False,0,0.0
1789803367594,146,1648,928.3052368363623,960.7751115972393,986.8808050621807,992.0989895319257,1,0,sidebar,0.08985058638834076,0,3,2.8,-5.75439620319803e-05,30.75914684799514,30.09476961651477,0.1365999924018979,0.30720001086592674,11.116200010292232,1.0657999955583364,12.505100021371618,0,True,on_screen,0.3022936218313471,-6.4794040411578635,7.432890212342251,False,False,0,0.0
1789803367628,147,1649,1086.3229008332703,1019.2363936821587,1056.4902721019434,1011.0951724370888,1,1,main_file,0.29461265028086703,0,2,3.0,-8.906434141836561e-05,30.63560158787654,30.092782142559713,0.24159997701644897,0.44800000614486635,13.20560000021942,1.8085000046994537,15.48120001098141,0,True,on_screen,0.3022936218313471,-6.321183052956513,8.003072170709219,False,False,0,0.0
1789803367659,148,1650,885.6571671657996,939.1962043425071,936.9070986466427,960.7658947708817,1,0,sidebar,0.18569172074634732,0,4,3.2,-2.5860362515773422e-05,30.749711305985233,30.094359276723992,0.1328999933321029,0.3418999840505421,12.962699984200299,1.049900020007044,14.368200005264953,0,True,on_screen,0.3022936218313471,-6.300671206433037,7.685739553078024,False,False,0,0.0
1789803367690,149,1651,804.2387789664949,925.1258952878914,844.0392748705392,935.8178951327885,1,0,sidebar,0.35375975665207704,31,4,3.2,-3.655249387267065e-05,30.915002376156473,30.0945546847102,0.15480001457035542,0.3231000155210495,14.84999997774139,1.192399999126792,16.37889997800812,0,True,on_screen,0.3022936218313471,-6.070020507820459,8.53295700390394,False,False,0,0.0
1789803367722,150,1652,-44.944193470213435,1095.560817624792,221.7508470320124,1047.6379408771909,1,0,sidebar,0.474467196836571,62,4,3.2,-6.632732410623982e-05,30.97663398811464,30.09633847054061,0.10579999070614576,0.29239998548291624,13.154599990230054,1.178500009700656,14.63970000622794,0,True,on_screen,0.3022936218313471,-6.120314859653121,7.6672296812067415,False,False,0,0.0
1789803367774,151,1653,241.21863896702814,1250.4750690172198,235.3783013865234,1189.623930575211,2,0,terminal,0.3018369923729387,0,5,3.4,-0.00010961239203719116,29.79685447326057,30.08624021456782,0.17739998293109238,0.44949998846277595,12.633900012588128,1.0543000244069844,14.160100021399558,0,True,on_screen,0.3022936218313471,-6.457810735141436,6.905480399603123,False,False,0,0.0
1789803367802,152,1654,648.5730443413825,1792.100661806956,524.6146214549248,1611.3576424374323,2,0,terminal,0.7880667653893076,28,5,3.2,-0.00021196508148834878,30.40218223694443,30.088931092147163,0.18019997514784336,0.4243000003043562,13.167600001906976,0.9830000053625554,14.58780001848936,0,True,on_screen,0.3022936218313471,-6.8139734646030945,6.3600609543893825,False,False,0,0.0
1789803367836,153,1655,963.014832732518,1980.0000000000002,831.4947693492401,1869.4072927312297,-1,-1,off_screen,0.0,0,2,3.4,-0.00031972759716508356,30.320955349907575,30.08694554611542,0.23170001804828644,0.5876999930478632,15.581299987388775,1.4686000067740679,17.657199990935624,0,True,gaze_outside_screen,0.3022936218313471,-7.042519792630458,6.771485527916168,False,False,0,0.0
1789803367866,154,1656,1289.9155283725229,1980.0000000000002,1152.389300665538,1946.822187819369,-1,-1,off_screen,0.0,29,2,3.4,-0.00039501156077960745,30.588754219892785,30.09035080274231,0.1320999872405082,0.30029998742975295,12.545699981274083,1.50090001989156,14.361500012455508,0,True,gaze_outside_screen,0.3022936218313471,-7.058559662386074,7.215494654609253,False,False,0,0.0
1789803367899,155,1657,1480.3297796413706,1980.0000000000002,1381.947635948621,1970.0466563458108,-1,-1,off_screen,0.0,62,2,3.4,-0.0004759719437543719,30.60323677983306,30.08963540773067,0.19789999350905418,0.32449999707750976,14.746800006832927,1.2781999830622226,16.366199997719377,0,True,gaze_outside_screen,0.3022936218313471,-7.162553382145063,6.820399116079306,False,False,0,0.0
1789803367930,156,1658,1513.1620366393913,1980.0000000000002,1473.79771643216,1977.0139969037432,-1,-1,off_screen,0.0,94,2,3.4,-0.00047581219946529925,30.72553851428181,30.092455384759095,0.10899998596869409,0.27650000993162394,11.693199980072677,1.033000007737428,13.0158000101801,0,True,gaze_outside_screen,0.3022936218313471,-7.2140366332785675,6.60905811980922,False,False,0,0.0
1789803367963,157,1659,1609.0943007051862,1980.0000000000002,1568.5053254232785,1979.104199071123,-1,-1,off_screen,0.0,127,2,3.4,-0.0004972954531039971,30.71935940984946,30.09126140880991,0.3242999955546111,0.8347999828401953,12.801700009731576,2.1544000192079693,15.826300019398332,0,True,gaze_outside_screen,0.3022936218313471,-7.189725614000793,6.871505749134361,False,False,0,0.0
1789803367995,158,1660,1594.4618414351276,1980.0000000000002,1574.713414875851,1979.3184501784608,-1,-1,off_screen,0.0,158,2,3.2,-0.0005065176154245982,30.753582671929294,30.092508758915415,0.2982000005431473,0.3989999822806567,13.02640000358224,1.126599992858246,14.573899999959394,0,True,gaze_outside_screen,0.3022936218313471,-7.190040284102906,6.923268043733631,False,False,0,0.0
1789803368027,159,1661,1639.7956303787112,1980.0000000000002,1611.9918903496427,1979.7088354490008,-1,-1,off_screen,0.0,190,2,3.2,-0.0005117556565196468,30.789408800392167,30.093979948258436,0.19570000586099923,0.6257999921217561,11.227400013012812,1.0815999994520098,12.964499997906387,0,True,gaze_outside_screen,0.3022936218313471,-7.164523359770641,7.192708384243589,False,False,0,0.0
1789803368059,160,1662,1692.551874662733,1980.0000000000002,1668.383879368806,1979.9126506347002,-1,-1,off_screen,0.0,223,2,3.2,-0.0005748440788036595,30.849140764637383,30.089389275232413,0.17839999054558575,0.5866999854333699,20.309000014094636,1.8412000208627433,22.759799991035834,0,True,gaze_outside_screen,0.3022936218313471,-6.903645495097123,8.119052581223233,False,False,0,0.0
1789803368091,161,1663,1339.9483248032716,1260.8569570675104,1438.478991172932,1476.5736651376674,2,1,terminal,0.9585264161757726,0,6,3.4,-0.00033744414156751043,30.836829213247793,30.088148867979225,0.2080000122077763,0.7087999838404357,22.366899996995926,2.6251000235788524,25.72669999790378,0,True,on_screen,0.3022936218313471,-6.298537812630798,9.082013612618764,False,False,0,0.0
1789803368124,162,1664,731.4829543572672,916.2253724328184,943.5817654019665,1084.3298602442733,1,0,sidebar,0.11863948910857536,0,5,3.6,-0.00020770202618997438,30.82664596165346,30.089690931204874,0.20480001694522798,0.5105999880470335,21.06989998719655,1.9928999827243388,23.591899982420728,0,True,on_screen,0.3022936218313471,-6.324388208254646,8.310494880385194,False,False,0,0.0
1789803368155,163,1665,1082.37866641051,1202.8660266080228,1040.739596107947,1167.3051766988979,1,1,main_file,0.15115388667094654,0,3,3.8,-0.00028962124291841487,30.9141664095002,30.08966535944704,0.18050000653602183,0.5597999843303114,22.75730000110343,1.9845000060740858,25.329199997941032,0,True,on_screen,0.3022936218313471,-6.463891851238827,7.472113798444748,False,False,0,0.0
